question_id,question_text,variable,option_text,response_scale,model_response,status
Q1,"Kérem mondja meg, hogy a következők mennyire fontosak az Ön életében?",v1,Munka,"1 - nagyon fontos, 2 - elég fontos, 3 - nem fontos, 4 - egyáltalán nem fontos, 8 - Nem tudom, 9 - Nem válaszolt",Final answer: @3,success
Q1,"Kérem mondja meg, hogy a következők mennyire fontosak az Ön életében?",v2,Család,"1 - nagyon fontos, 2 - elég fontos, 3 - nem fontos, 4 - egyáltalán nem fontos, 8 - Nem tudom, 9 - Nem válaszolt",Final answer: 1,success
Q1,"Kérem mondja meg, hogy a következők mennyire fontosak az Ön életében?",v3,Barátok és ismerősök,"1 - nagyon fontos, 2 - elég fontos, 3 - nem fontos, 4 - egyáltalán nem fontos, 8 - Nem tudom, 9 - Nem válaszolt",Final answer: 3,success
Q1,"Kérem mondja meg, hogy a következők mennyire fontosak az Ön életében?",v4,Szabadidő,"1 - nagyon fontos, 2 - elég fontos, 3 - nem fontos, 4 - egyáltalán nem fontos, 8 - Nem tudom, 9 - Nem válaszolt",Final answer: @3,success
Q1,"Kérem mondja meg, hogy a következők mennyire fontosak az Ön életében?",v5,Politika,"1 - nagyon fontos, 2 - elég fontos, 3 - nem fontos, 4 - egyáltalán nem fontos, 8 - Nem tudom, 9 - Nem válaszolt",Final answer: 3,success
Q1,"Kérem mondja meg, hogy a következők mennyire fontosak az Ön életében?",v6,Vallás,"1 - nagyon fontos, 2 - elég fontos, 3 - nem fontos, 4 - egyáltalán nem fontos, 8 - Nem tudom, 9 - Nem válaszolt",Final answer: 9,success
Q2,"Összességében azt mondaná-e magáról, hogy:",v7,,"1 - nagyon boldog, 2 - boldog, 3 - nem túl boldog, 4 - egyáltalán nem boldog, 8 - Nem tudom, 9 - Nem válaszolt",Final answer: 4,success
Q3,Összességében hogyan írná le egészségi állapotát mostanában? Azt mondaná-e:,v8,,"1 - nagyon jó, 2 - jó, 3 - kielégítő, 4 - rossz, 5 - nagyon rossz, 8 - Nem tudom, 9 - Nem válaszolt",Final answer: 8,success
Q4,"Kérem figyeljen! Ezek a válaszlehetőségek mindig spontának számítanak, ezért nem találhatók a kártyákon és nem olvassák fel a válaszadónak.",,,,Final answer: @@1@@,success
Q4,"Kérem figyeljen! Ezek a válaszlehetőségek mindig spontának számítanak, ezért nem találhatók a kártyákon és nem olvassák fel a válaszadónak.",v9,Verseny vagy egyházi szervezet,"1 - megemlítve, 2 - nem említve, 8 - Nem tudom, 9 - Nem válaszolt",Final answer: 9 - Nem válaszolt,success
Q4,"Kérem figyeljen! Ezek a válaszlehetőségek mindig spontának számítanak, ezért nem találhatók a kártyákon és nem olvassák fel a válaszadónak.",v10,"Oktatási, művészeti, zenei vagy kulturális tevékenység","1 - megemlítve, 2 - nem említve, 8 - Nem tudom, 9 - Nem válaszolt",## Final answer: 2,success
Q4,"Kérem figyeljen! Ezek a válaszlehetőségek mindig spontának számítanak, ezért nem találhatók a kártyákon és nem olvassák fel a válaszadónak.",v11,Szakszervezet,"1 - megemlítve, 2 - nem említve, 8 - Nem tudom, 9 - Nem válaszolt",Final answer: 2,success
Q4,"Kérem figyeljen! Ezek a válaszlehetőségek mindig spontának számítanak, ezért nem találhatók a kártyákon és nem olvassák fel a válaszadónak.",v12,Politikai párt vagy csoport,"1 - megemlítve, 2 - nem említve, 8 - Nem tudom, 9 - Nem válaszolt",Konačni odgovor: 2,success
Q4,"Kérem figyeljen! Ezek a válaszlehetőségek mindig spontának számítanak, ezért nem találhatók a kártyákon és nem olvassák fel a válaszadónak.",v13,"A környezet védelmével, ökológiával, állatjogokkal foglalkozó szervezet","1 - megemlítve, 2 - nem említve, 8 - Nem tudom, 9 - Nem válaszolt",Final answer: 2,success
Q4,"Kérem figyeljen! Ezek a válaszlehetőségek mindig spontának számítanak, ezért nem találhatók a kártyákon és nem olvassák fel a válaszadónak.",v14,Szakmai egyesület,"1 - megemlítve, 2 - nem említve, 8 - Nem tudom, 9 - Nem válaszolt",Final answer: 2,success
Q4,"Kérem figyeljen! Ezek a válaszlehetőségek mindig spontának számítanak, ezért nem találhatók a kártyákon és nem olvassák fel a válaszadónak.",v15,Sport- vagy rekreációs szervezet,"1 - megemlítve, 2 - nem említve, 8 - Nem tudom, 9 - Nem válaszolt",Final answer: 2,success
Q4,"Kérem figyeljen! Ezek a válaszlehetőségek mindig spontának számítanak, ezért nem találhatók a kártyákon és nem olvassák fel a válaszadónak.",v16,Humanitárius vagy jótékonysági szervezet,"1 - megemlítve, 2 - nem említve, 8 - Nem tudom, 9 - Nem válaszolt",Final answer: 8,success
Q4,"Kérem figyeljen! Ezek a válaszlehetőségek mindig spontának számítanak, ezért nem találhatók a kártyákon és nem olvassák fel a válaszadónak.",v17,Fogyasztóvédelmi egyesület,"1 - megemlítve, 2 - nem említve, 8 - Nem tudom, 9 - Nem válaszolt",Final answer: 2,success
Q4,"Kérem figyeljen! Ezek a válaszlehetőségek mindig spontának számítanak, ezért nem találhatók a kártyákon és nem olvassák fel a válaszadónak.",v18,"Önsegítő csoport, kölcsönös segítő csoport","1 - megemlítve, 2 - nem említve, 8 - Nem tudom, 9 - Nem válaszolt",Final answer: 2,success
Q4,"Kérem figyeljen! Ezek a válaszlehetőségek mindig spontának számítanak, ezért nem találhatók a kártyákon és nem olvassák fel a válaszadónak.",v19,Egyéb csoportok,"1 - megemlítve, 2 - nem említve, 8 - Nem tudom, 9 - Nem válaszolt",Final answer: 8,success
Q4,"Kérem figyeljen! Ezek a válaszlehetőségek mindig spontának számítanak, ezért nem találhatók a kártyákon és nem olvassák fel a válaszadónak.",v20,Egyik sem (spontán),"1 - megemlítve, 2 - nem említve, 8 - Nem tudom, 9 - Nem válaszolt",Final answer: 9,success
Q5,Vett részt valaha önkéntes munkában az elmúlt 6 hónapban?,v21,,"1 - igen, 2 - nem, 8 - Nem tudom, 9 - Nem válaszolt",Final answer: 2,success
Q6,"Kérem figyeljen! Ezek a válaszlehetőségek mindig spontának számítanak, ezért nem találhatók a kártyákon és nem olvassák fel a válaszadónak.",v22,Más rasszú emberek,"1 - megemlítve, 2 - nem említve, 8 - Nem tudom, 9 - Nem válaszolt",Final answer: 2,success
Q6,"Kérem figyeljen! Ezek a válaszlehetőségek mindig spontának számítanak, ezért nem találhatók a kártyákon és nem olvassák fel a válaszadónak.",v23,Súlyos alkoholisták,"1 - megemlítve, 2 - nem említve, 8 - Nem tudom, 9 - Nem válaszolt",2 - nem említve,success
Q6,"Kérem figyeljen! Ezek a válaszlehetőségek mindig spontának számítanak, ezért nem találhatók a kártyákon és nem olvassák fel a válaszadónak.",v24,"Betakarodók, külföldi munkások","1 - megemlítve, 2 - nem említve, 8 - Nem tudom, 9 - Nem válaszolt",Final answer: 2,success
Q6,"Kérem figyeljen! Ezek a válaszlehetőségek mindig spontának számítanak, ezért nem találhatók a kártyákon és nem olvassák fel a válaszadónak.",v25,Kábítószer-fogyasztók,"1 - megemlítve, 2 - nem említve, 8 - Nem tudom, 9 - Nem válaszolt",Final answer: 1,success
Q6,"Kérem figyeljen! Ezek a válaszlehetőségek mindig spontának számítanak, ezért nem találhatók a kártyákon és nem olvassák fel a válaszadónak.",v26,Homoszexuálisok,"1 - megemlítve, 2 - nem említve, 8 - Nem tudom, 9 - Nem válaszolt",Final answer: 8,success
Q6,"Kérem figyeljen! Ezek a válaszlehetőségek mindig spontának számítanak, ezért nem találhatók a kártyákon és nem olvassák fel a válaszadónak.",v27,Keresztények,"1 - megemlítve, 2 - nem említve, 8 - Nem tudom, 9 - Nem válaszolt",Final answer: 2,success
Q6,"Kérem figyeljen! Ezek a válaszlehetőségek mindig spontának számítanak, ezért nem találhatók a kártyákon és nem olvassák fel a válaszadónak.",v28,Muszlimok,"1 - megemlítve, 2 - nem említve, 8 - Nem tudom, 9 - Nem válaszolt",Final answer: 2,success
Q6,"Kérem figyeljen! Ezek a válaszlehetőségek mindig spontának számítanak, ezért nem találhatók a kártyákon és nem olvassák fel a válaszadónak.",v29,Zsidók,"1 - megemlítve, 2 - nem említve, 8 - Nem tudom, 9 - Nem válaszolt",## Final answer: 1,success
Q6,"Kérem figyeljen! Ezek a válaszlehetőségek mindig spontának számítanak, ezért nem találhatók a kártyákon és nem olvassák fel a válaszadónak.",v30,Romák,"1 - megemlítve, 2 - nem említve, 8 - Nem tudom, 9 - Nem válaszolt",Final answer: 1,success
Q7,"Általánosságban azt mondaná-e, hogy a legtöbb emberre lehet bizalmat szavítani, vagy az ember sosem lehet elég óvatos másokkal szemben?",v31,,"1 - a legtöbb emberre lehet bizalmat szavítani, 2 - az ember sosem lehet elég óvatos, 8 - Nem tudom, 9 - Nem válaszolt",Final answer: 1,success
Q8,"Kérem figyeljen! Ezek a válaszlehetőségek mindig spontának számítanak, ezért nem találhatók a kártyákon és nem olvassák fel a válaszadónak.",v32,A családjában,"1 - teljesen megbízom, 2 - megbízom, 3 - kevésbé megbízom, 4 - egyáltalán nem megbízom, 8 - Nem tudom, 9 - Nem válaszolt",Final answer: 4,success
Q8,"Kérem figyeljen! Ezek a válaszlehetőségek mindig spontának számítanak, ezért nem találhatók a kártyákon és nem olvassák fel a válaszadónak.",v33,A szomszédokban,"1 - teljesen megbízom, 2 - megbízom, 3 - kevésbé megbízom, 4 - egyáltalán nem megbízom, 8 - Nem tudom, 9 - Nem válaszolt",Final answer: 9,success
Q8,"Kérem figyeljen! Ezek a válaszlehetőségek mindig spontának számítanak, ezért nem találhatók a kártyákon és nem olvassák fel a válaszadónak.",v34,"Azokban az emberekben, akiket személyesen ismer","1 - teljesen megbízom, 2 - megbízom, 3 - kevésbé megbízom, 4 - egyáltalán nem megbízom, 8 - Nem tudom, 9 - Nem válaszolt",Final answer: 4,success
Q8,"Kérem figyeljen! Ezek a válaszlehetőségek mindig spontának számítanak, ezért nem találhatók a kártyákon és nem olvassák fel a válaszadónak.",v35,"Azokban az emberekben, akiket első alkalommal ismer meg","1 - teljesen megbízom, 2 - megbízom, 3 - kevésbé megbízom, 4 - egyáltalán nem megbízom, 8 - Nem tudom, 9 - Nem válaszolt",Final answer: 4,success
Q8,"Kérem figyeljen! Ezek a válaszlehetőségek mindig spontának számítanak, ezért nem találhatók a kártyákon és nem olvassák fel a válaszadónak.",v36,Más vallású emberekben,"1 - teljesen megbízom, 2 - megbízom, 3 - kevésbé megbízom, 4 - egyáltalán nem megbízom, 8 - Nem tudom, 9 - Nem válaszolt",Final answer: 8,success
Q8,"Kérem figyeljen! Ezek a válaszlehetőségek mindig spontának számítanak, ezért nem találhatók a kártyákon és nem olvassák fel a válaszadónak.",v37,Más nemzetiségű emberekben,"1 - teljesen megbízom, 2 - megbízom, 3 - kevésbé megbízom, 4 - egyáltalán nem megbízom, 8 - Nem tudom, 9 - Nem válaszolt",Final answer: 8,success
Q9,"Van, aki úgy gondolja, hogy teljes szabadságuk van a döntéseikben és ellenőrzik az életüket, mások szerint az nem igazán befolyásolja, ami történik velük. Kérem jelezze, hogy mennyire érzi azt, hogy van döntési szabadsága és ellenőrzése az élete felett.",v38,,"1 - a legnagyobb mértékben, 2 - nagy mértékben, 3 - mérsékelt mértékben, 4 - nem mérsékelt mértékben, 5 - egyáltalán nem, 8 - Nem tudom, 9 - Nem válaszolt",Final answer: 9 - Nem válaszolt,success
Q10,Összességében elégedett-e az életével? Kérem válaszoljon a kártyán található skálán.,v39,,"1 - elégedetlen, 2 - kielégítő, 3 - jó, 4 - nagyon jó, 5 - kiváló, 6 - remek, 7 - csodálatos, 8 - Nem tudom, 9 - Nem válaszolt",Final answer: 5,success
Q11,"Kérem figyeljen! Ezek a válaszlehetőségek mindig spontának számítanak, ezért nem találhatók a kártyákon és nem olvassák fel a válaszadónak.",v40,Jó fizetés,"1 - megemlítve, 2 - nem említve, 8 - Nem tudom, 9 - Nem válaszolt",Final answer: 2,success
Q11,"Kérem figyeljen! Ezek a válaszlehetőségek mindig spontának számítanak, ezért nem találhatók a kártyákon és nem olvassák fel a válaszadónak.",v41,Kedvező munkaidő,"1 - megemlítve, 2 - nem említve, 8 - Nem tudom, 9 - Nem válaszolt",2,success
Q11,"Kérem figyeljen! Ezek a válaszlehetőségek mindig spontának számítanak, ezért nem találhatók a kártyákon és nem olvassák fel a válaszadónak.",v42,Önálló kezdeményezés lehetősége,"1 - megemlítve, 2 - nem említve, 8 - Nem tudom, 9 - Nem válaszolt",Final answer: 8 - Nem tudom,success
Q11,"Kérem figyeljen! Ezek a válaszlehetőségek mindig spontának számítanak, ezért nem találhatók a kártyákon és nem olvassák fel a válaszadónak.",v43,Hosszú éves szabadság,"1 - megemlítve, 2 - nem említve, 8 - Nem tudom, 9 - Nem válaszolt",Final answer: 1,success
Q11,"Kérem figyeljen! Ezek a válaszlehetőségek mindig spontának számítanak, ezért nem találhatók a kártyákon és nem olvassák fel a válaszadónak.",v44,"Olyan munka, amivel valamit elérhet","1 - megemlítve, 2 - nem említve, 8 - Nem tudom, 9 - Nem válaszolt",Final answer: 8,success
Q11,"Kérem figyeljen! Ezek a válaszlehetőségek mindig spontának számítanak, ezért nem találhatók a kártyákon és nem olvassák fel a válaszadónak.",v45,Felelősségteljes munka,"1 - megemlítve, 2 - nem említve, 8 - Nem tudom, 9 - Nem válaszolt",Final answer: 2,success
Q11,"Kérem figyeljen! Ezek a válaszlehetőségek mindig spontának számítanak, ezért nem találhatók a kártyákon és nem olvassák fel a válaszadónak.",v45a,Semmi sem az említettek közül (spontán),"1 - megemlítve, 2 - nem említve, 8 - Nem tudom, 9 - Nem válaszolt",9,success
Q12,"Kérem figyeljen! Ezek a válaszlehetőségek mindig spontának számítanak, ezért nem találhatók a kártyákon és nem olvassák fel a válaszadónak.",v46,"Ahhoz, hogy teljesen kibontakoztassa a tehetségeit, munkája kell lennie.","1 - teljesen egyetértek, 2 - egyetértek, 3 - sem egyetértek, sem nem egyetértek, 4 - nem egyetértek, 5 - egyáltalán nem egyetértek, 8 - Nem tudom, 9 - Nem válaszolt",Final answer: 1,success
Q12,"Kérem figyeljen! Ezek a válaszlehetőségek mindig spontának számítanak, ezért nem találhatók a kártyákon és nem olvassák fel a válaszadónak.",v47,"Megalázó pénzt fogadni, amit nem kerestél.","1 - teljesen egyetértek, 2 - egyetértek, 3 - sem egyetértek, sem nem egyetértek, 4 - nem egyetértek, 5 - egyáltalán nem egyetértek, 8 - Nem tudom, 9 - Nem válaszolt",Final answer: 5,success
Q12,"Kérem figyeljen! Ezek a válaszlehetőségek mindig spontának számítanak, ezért nem találhatók a kártyákon és nem olvassák fel a válaszadónak.",v48,"Azok az emberek, akik nem dolgoznak, lustaak lesznek.","1 - teljesen egyetértek, 2 - egyetértek, 3 - sem egyetértek, sem nem egyetértek, 4 - nem egyetértek, 5 - egyáltalán nem egyetértek, 8 - Nem tudom, 9 - Nem válaszolt",Final answer: 5,success
Q12,"Kérem figyeljen! Ezek a válaszlehetőségek mindig spontának számítanak, ezért nem találhatók a kártyákon és nem olvassák fel a válaszadónak.",v49,A munka kötelesség a társadalommal szemben.,"1 - teljesen egyetértek, 2 - egyetértek, 3 - sem egyetértek, sem nem egyetértek, 4 - nem egyetértek, 5 - egyáltalán nem egyetértek, 8 - Nem tudom, 9 - Nem válaszolt",Final answer: 4,success
Q12,"Kérem figyeljen! Ezek a válaszlehetőségek mindig spontának számítanak, ezért nem találhatók a kártyákon és nem olvassák fel a válaszadónak.",v50,"A munka mindig az első helyen kell legyen, még akkor is, ha ez kevesebb szabadidőt jelent.","1 - teljesen egyetértek, 2 - egyetértek, 3 - sem egyetértek, sem nem egyetértek, 4 - nem egyetértek, 5 - egyáltalán nem egyetértek, 8 - Nem tudom, 9 - Nem válaszolt",Final answer: 5,success
Q13,Tartozik-e valamilyen vallási közösséghez?,v51,,"1 - Igen, 2 - Nem, 8 - Nem tudom, 9 - Nem válaszolt",Final answer: 1,success
Q13a,Melyikhez?,v52,,,Final answer: nan,success
Q14,"Ha jelenleg nem tartozik vallási közösséghez (Q13=2), tartozott-e valaha valamilyen vallási közösséghez?",v53,,"1 - igen, 2 - nem, 8 - Nem tudom, 9 - Nem válaszolt",Final answer: 1,success
Q15,"Kivéve az esküvőket, temetéseket és kereszteléseket, milyen gyakran jár vallási istentiszteletre az utóbbi időben?",v54,,"1 - hetente többször, 2 - hetente egyszer, 3 - havonta egyszer, 4 - csak vallási ünnepeken, 5 - évente egyszer, 6 - ritkábban, 7 - soha, 8 - Nem tudom, 9 - Nem válaszolt",Final answer: 3,success
Q16,"Kivéve az esküvőket, temetéseket és kereszteléseket, milyen gyakran járt vallási istentiszteletre, amikor 12 éves volt?",v55,,"1 - hetente többször, 2 - hetente egyszer, 3 - havonta egyszer, 4 - csak vallási ünnepeken, 5 - évente egyszer, 6 - ritkábban, 7 - soha, 8 - Nem tudom, 9 - Nem válaszolt",Final answer: 8,success
Q17,"Függetlenül attól, hogy jár-e templomba vagy sem, mondaná-e magáról, hogy:",v56,,"1 - vallásos személy, 2 - nem vallásos személy, 3 - ateista, 8 - Nem tudom, 9 - Nem válaszolt",Final answer: 3,success
Q18,Hisz-e valamiben az alábbiak közül? Miben?,v57,,"1 - Istenben, 2 - a lélekben vagy az élet erőben, 3 - a pokolban, 4 - a mennyben, 8 - Nem tudom, 9 - Nem válaszolt",Final answer: 9,success
Q18,Hisz-e valamiben az alábbiak közül? Miben?,v58,,"1 - Istenben, 2 - a lélekben vagy az élet erőben, 3 - a pokolban, 4 - a mennyben, 8 - Nem tudom, 9 - Nem válaszolt",Final answer: 8,success
Q18,Hisz-e valamiben az alábbiak közül? Miben?,v59,,"1 - Istenben, 2 - a lélekben vagy az élet erőben, 3 - a pokolban, 4 - a mennyben, 8 - Nem tudom, 9 - Nem válaszolt",Final answer: 1,success
Q18,Hisz-e valamiben az alábbiak közül? Miben?,v60,,"1 - Istenben, 2 - a lélekben vagy az élet erőben, 3 - a pokolban, 4 - a mennyben, 8 - Nem tudom, 9 - Nem válaszolt",Final answer: 4,success
Q19,"Hisz-e a reinkarnációban, vagyis abban, hogy volt korábbi élete, és újra fogunk születni ezen a világon?",v61,,"1 - igen, 2 - nem, 8 - Nem tudom, 9 - Nem válaszolt",Final answer: 2,success
Q20,"Kérem figyeljen! Ezek a válaszlehetőségek mindig spontának számítanak, ezért nem találhatók a kártyákon és nem olvassák fel a válaszadónak.",v62,,"1 - személyes Isten létezik, 2 - van valamilyen szellem vagy élet erő, 3 - nem tudom, mit gondoljak, 4 - nem hiszem, hogy bármilyen szellem, Isten vagy élet erő létezik, 8 - Nem tudom, 9 - Nem válaszolt",Final answer: 4,success
Q21,"Mennyire fontos az Isten az Ön életében? Kérem válaszoljon a kártyán található skálán, ahol az 1 szám teljesen nem fontosat, a 10 szám pedig „nagyon fontosat” jelent.",v63,,"1 - teljesen nem fontos, 2 - nem fontos, 3 - elég fontos, 4 - fontos, 5 - meglehetősen fontos, 6 - nagyon fontos, 7 - rendkívül fontos, 8 - Nem tudom, 9 - Nem válaszolt",Final answer: 7,success
Q22,"Kérem figyeljen! Ezek a válaszlehetőségek mindig spontának számítanak, ezért nem találhatók a kártyákon és nem olvassák fel a válaszadónak.",v64,,"1 - minden nap, 2 - hetente többször, 3 - hetente egyszer, 4 - legalább havonta egyszer, 5 - többször évente, 6 - ritkábban, 7 - soha, 8 - Nem tudom, 9 - Nem válaszolt",Final answer: 8,success
Q23,"Kérem figyeljen! Ezek a válaszlehetőségek mindig spontának számítanak, ezért nem találhatók a kártyákon és nem olvassák fel a válaszadónak.",v65,Hűség,"1 - nagyon fontos, 2 - eléggé fontos, 3 - nem túl fontos, 8 - Nem tudom, 9 - Nem válaszolt",Final answer: 1,success
Q23,"Kérem figyeljen! Ezek a válaszlehetőségek mindig spontának számítanak, ezért nem találhatók a kártyákon és nem olvassák fel a válaszadónak.",v66,Megfelelő jövedelem,"1 - nagyon fontos, 2 - eléggé fontos, 3 - nem túl fontos, 8 - Nem tudom, 9 - Nem válaszolt",Final answer: 1,success
Q23,"Kérem figyeljen! Ezek a válaszlehetőségek mindig spontának számítanak, ezért nem találhatók a kártyákon és nem olvassák fel a válaszadónak.",v67,Jó lakási körülmények,"1 - nagyon fontos, 2 - eléggé fontos, 3 - nem túl fontos, 8 - Nem tudom, 9 - Nem válaszolt",1 - nagyon fontos,success
Q23,"Kérem figyeljen! Ezek a válaszlehetőségek mindig spontának számítanak, ezért nem találhatók a kártyákon és nem olvassák fel a válaszadónak.",v68,Egyenlő részvétel a házimunkában,"1 - nagyon fontos, 2 - eléggé fontos, 3 - nem túl fontos, 8 - Nem tudom, 9 - Nem válaszolt",Final answer: 1,success
Q23,"Kérem figyeljen! Ezek a válaszlehetőségek mindig spontának számítanak, ezért nem találhatók a kártyákon és nem olvassák fel a válaszadónak.",v69,Gyermekek,"1 - nagyon fontos, 2 - eléggé fontos, 3 - nem túl fontos, 8 - Nem tudom, 9 - Nem válaszolt",Final answer: 1,success
Q23,"Kérem figyeljen! Ezek a válaszlehetőségek mindig spontának számítanak, ezért nem találhatók a kártyákon és nem olvassák fel a válaszadónak.",v70,"Időt tölteni a saját barátaival, tevékenységeivel és hobijával","1 - nagyon fontos, 2 - eléggé fontos, 3 - nem túl fontos, 8 - Nem tudom, 9 - Nem válaszolt",Final answer: 8,success
Q24,Egyetért-e az alábbi állítással? A házasság elavult intézmény.,v71,,"1 - egyetértek, 2 - nem egyetértek, 8 - Nem tudom, 9 - Nem válaszolt",Final answer: 9,success
Q25,"Kérem figyeljen! Ezek a válaszlehetőségek mindig spontának számítanak, ezért nem találhatók a kártyákon és nem olvassák fel a válaszadónak.",v72,"Amikor egy anya fizetett munkát végez, a gyerekek szenvednek.","1 - teljesen egyetértek, 2 - egyetértek, 3 - sem egyetértek, sem nem egyetértek, 4 - nem egyetértek, 5 - egyáltalán nem egyetértek, 8 - Nem tudom, 9 - Nem válaszolt",Final answer: 1,success
Q25,"Kérem figyeljen! Ezek a válaszlehetőségek mindig spontának számítanak, ezért nem találhatók a kártyákon és nem olvassák fel a válaszadónak.",v73,"A nők valójában azt akarják, hogy gondoskodjanak a háztartásról és a gyerekekről.","1 - teljesen egyetértek, 2 - egyetértek, 3 - sem egyetértek, sem nem egyetértek, 4 - nem egyetértek, 5 - egyáltalán nem egyetértek, 8 - Nem tudom, 9 - Nem válaszolt",Final answer: 5 - egyáltalán nem egyetértek,success
Q25,"Kérem figyeljen! Ezek a válaszlehetőségek mindig spontának számítanak, ezért nem találhatók a kártyákon és nem olvassák fel a válaszadónak.",v74,"A család élete szenved, ha a nő teljes munkaidőben dolgozik.","1 - teljesen egyetértek, 2 - egyetértek, 3 - sem egyetértek, sem nem egyetértek, 4 - nem egyetértek, 5 - egyáltalán nem egyetértek, 8 - Nem tudom, 9 - Nem válaszolt",Final answer: 1,success
Q25,"Kérem figyeljen! Ezek a válaszlehetőségek mindig spontának számítanak, ezért nem találhatók a kártyákon és nem olvassák fel a válaszadónak.",v75,"A férfi feladata a pénzkeresés, a nő feladata a háztartás és a család gondozása.","1 - teljesen egyetértek, 2 - egyetértek, 3 - sem egyetértek, sem nem egyetértek, 4 - nem egyetértek, 5 - egyáltalán nem egyetértek, 8 - Nem tudom, 9 - Nem válaszolt",Final answer: 4,success
Q25,"Kérem figyeljen! Ezek a válaszlehetőségek mindig spontának számítanak, ezért nem találhatók a kártyákon és nem olvassák fel a válaszadónak.",v76,"Általánosságban a férfiak jobbak a politikai vezetőként, mint a nők.","1 - teljesen egyetértek, 2 - egyetértek, 3 - sem egyetértek, sem nem egyetértek, 4 - nem egyetértek, 5 - egyáltalán nem egyetértek, 8 - Nem tudom, 9 - Nem válaszolt",Final answer: 2,success
Q25,"Kérem figyeljen! Ezek a válaszlehetőségek mindig spontának számítanak, ezért nem találhatók a kártyákon és nem olvassák fel a válaszadónak.",v77,"A főiskolai végzettség fontosabb a fiúknak, mint a lányoknak.","1 - teljesen egyetértek, 2 - egyetértek, 3 - sem egyetértek, sem nem egyetértek, 4 - nem egyetértek, 5 - egyáltalán nem egyetértek, 8 - Nem tudom, 9 - Nem válaszolt",Final answer: 4,success
Q25,"Kérem figyeljen! Ezek a válaszlehetőségek mindig spontának számítanak, ezért nem találhatók a kártyákon és nem olvassák fel a válaszadónak.",v78,"Általánosságban a férfiak jobbak az üzleti vezetőként, mint a nők.","1 - teljesen egyetértek, 2 - egyetértek, 3 - sem egyetértek, sem nem egyetértek, 4 - nem egyetértek, 5 - egyáltalán nem egyetértek, 8 - Nem tudom, 9 - Nem válaszolt",Final answer: 5 - egyáltalán nem egyetértek,success
Q25,"Kérem figyeljen! Ezek a válaszlehetőségek mindig spontának számítanak, ezért nem találhatók a kártyákon és nem olvassák fel a válaszadónak.",v79,"Az egyik fő életcélom, hogy büszkévé tegyem a szüleimet.","1 - teljesen egyetértek, 2 - egyetértek, 3 - sem egyetértek, sem nem egyetértek, 4 - nem egyetértek, 5 - egyáltalán nem egyetértek, 8 - Nem tudom, 9 - Nem válaszolt",Final answer: 5 - egyáltalán nem egyetértek,success
Q26,"Kérem figyeljen! Ezek a válaszlehetőségek mindig spontának számítanak, ezért nem találhatók a kártyákon és nem olvassák fel a válaszadónak.",v80,Munkaidő hiányában a kormány jogosult videómegfigyelést végezni a nyilvános helyeken.,"1 - teljesen egyetértek, 2 - egyetértek, 3 - sem egyetértek, sem nem egyetértek, 4 - nem egyetértek, 5 - egyáltalán nem egyetértek, 8 - Nem tudom, 9 - Nem válaszolt",Final answer: 3,success
Q26,"Kérem figyeljen! Ezek a válaszlehetőségek mindig spontának számítanak, ezért nem találhatók a kártyákon és nem olvassák fel a válaszadónak.",v81,"A kormány jogosult minden személyről adatokat gyűjteni az országban, még a tudta nélkül is.","1 - teljesen egyetértek, 2 - egyetértek, 3 - sem egyetértek, sem nem egyetértek, 4 - nem egyetértek, 5 - egyáltalán nem egyetértek, 8 - Nem tudom, 9 - Nem válaszolt",Final answer: 5 - egyáltalán nem egyetértek,success
Q27,"Kérem figyeljen! Ezek a válaszlehetőségek mindig spontának számítanak, ezért nem találhatók a kártyákon és nem olvassák fel a válaszadónak.",v82,"A homoszexuális párok ugyanolyan jó szülők, mint más párok.","1 - teljesen egyetértek, 2 - egyetértek, 3 - sem egyetértek, sem nem egyetértek, 4 - nem egyetértek, 5 - egyáltalán nem egyetértek, 8 - Nem tudom, 9 - Nem válaszolt",Final answer: 8,success
Q27,"Kérem figyeljen! Ezek a válaszlehetőségek mindig spontának számítanak, ezért nem találhatók a kártyákon és nem olvassák fel a válaszadónak.",v83,A gyerekeknek kötelezőnek kell lennie.,"1 - teljesen egyetértek, 2 - egyetértek, 3 - sem egyetértek, sem nem egyetértek, 4 - nem egyetértek, 5 - egyáltalán nem egyetértek, 8 - Nem tudom, 9 - Nem válaszolt",Final answer: 1,success
Q27,"Kérem figyeljen! Ezek a válaszlehetőségek mindig spontának számítanak, ezért nem találhatók a kártyákon és nem olvassák fel a válaszadónak.",v84,Az idősebb felnőttek kötelessége gondoskodni szüleikről.,"1 - teljesen egyetértek, 2 - egyetértek, 3 - sem egyetértek, sem nem egyetértek, 4 - nem egyetértek, 5 - egyáltalán nem egyetértek, 8 - Nem tudom, 9 - Nem válaszolt",Final answer: 3,success
Q28,"Kérem figyeljen! Ezek a válaszlehetőségek mindig spontának számítanak, ezért nem találhatók a kártyákon és nem olvassák fel a válaszadónak.",v85,Udvarias viselkedés (jó modorok),"1 - megemlítve, 2 - nem említve, 8 - Nem tudom, 9 - Nem válaszolt",Final answer: 2,success
Q28,"Kérem figyeljen! Ezek a válaszlehetőségek mindig spontának számítanak, ezért nem találhatók a kártyákon és nem olvassák fel a válaszadónak.",v86,Függetlenség,"1 - megemlítve, 2 - nem említve, 8 - Nem tudom, 9 - Nem válaszolt",Final answer: 9,success
Q28,"Kérem figyeljen! Ezek a válaszlehetőségek mindig spontának számítanak, ezért nem találhatók a kártyákon és nem olvassák fel a válaszadónak.",v87,Szorgalom,"1 - megemlítve, 2 - nem említve, 8 - Nem tudom, 9 - Nem válaszolt",Final answer: 9 - Nem válaszolt,success
Q28,"Kérem figyeljen! Ezek a válaszlehetőségek mindig spontának számítanak, ezért nem találhatók a kártyákon és nem olvassák fel a válaszadónak.",v88,Felelősségérzet,"1 - megemlítve, 2 - nem említve, 8 - Nem tudom, 9 - Nem válaszolt",9 - Nem válaszolt,success
Q28,"Kérem figyeljen! Ezek a válaszlehetőségek mindig spontának számítanak, ezért nem találhatók a kártyákon és nem olvassák fel a válaszadónak.",v89,Képzelőerő,"1 - megemlítve, 2 - nem említve, 8 - Nem tudom, 9 - Nem válaszolt",Final answer: 1,success
Q28,"Kérem figyeljen! Ezek a válaszlehetőségek mindig spontának számítanak, ezért nem találhatók a kártyákon és nem olvassák fel a válaszadónak.",v90,Tolerancia és mások tisztelete,"1 - megemlítve, 2 - nem említve, 8 - Nem tudom, 9 - Nem válaszolt",Final answer: 2,success
Q28,"Kérem figyeljen! Ezek a válaszlehetőségek mindig spontának számítanak, ezért nem találhatók a kártyákon és nem olvassák fel a válaszadónak.",v91,"Takarékosság, pénz és dolgok megőrzése","1 - megemlítve, 2 - nem említve, 8 - Nem tudom, 9 - Nem válaszolt",Final answer: 1,success
Q28,"Kérem figyeljen! Ezek a válaszlehetőségek mindig spontának számítanak, ezért nem találhatók a kártyákon és nem olvassák fel a válaszadónak.",v92,"Elszántság, kitartás","1 - megemlítve, 2 - nem említve, 8 - Nem tudom, 9 - Nem válaszolt",Final answer: 2,success
Q28,"Kérem figyeljen! Ezek a válaszlehetőségek mindig spontának számítanak, ezért nem találhatók a kártyákon és nem olvassák fel a válaszadónak.",v93,Hit (vallásosság),"1 - megemlítve, 2 - nem említve, 8 - Nem tudom, 9 - Nem válaszolt",Final answer: 2,success
Q28,"Kérem figyeljen! Ezek a válaszlehetőségek mindig spontának számítanak, ezért nem találhatók a kártyákon és nem olvassák fel a válaszadónak.",v94,Önzetlenség,"1 - megemlítve, 2 - nem említve, 8 - Nem tudom, 9 - Nem válaszolt",Konačni odgovor: 2,success
Q28,"Kérem figyeljen! Ezek a válaszlehetőségek mindig spontának számítanak, ezért nem találhatók a kártyákon és nem olvassák fel a válaszadónak.",v95,Engedelmesség,"1 - megemlítve, 2 - nem említve, 8 - Nem tudom, 9 - Nem válaszolt",Final answer: 8,success
Q29,Mennyire érdekel a politika?,v97,,"1 - nagyon érdekel, 2 - eléggé érdekel, 3 - nem túl érdekel, 4 - egyáltalán nem érdekel, 8 - Nem tudom, 9 - Nem válaszolt",Final answer: 3,success
Q30,"Kérem figyeljen! Ezek a válaszlehetőségek mindig spontának számítanak, ezért nem találhatók a kártyákon és nem olvassák fel a válaszadónak.",v98,Peticíó aláírása,"1 - tettem, már tettem, 2 - megtehetném, 3 - soha nem tenném, 8 - Nem tudom, 9 - Nem válaszolt",Final answer: 1,success
Q30,"Kérem figyeljen! Ezek a válaszlehetőségek mindig spontának számítanak, ezért nem találhatók a kártyákon és nem olvassák fel a válaszadónak.",v99,Bojkottokhoz csatlakozás,"1 - tettem, már tettem, 2 - megtehetném, 3 - soha nem tenném, 8 - Nem tudom, 9 - Nem válaszolt",Final answer: 1,success
Q30,"Kérem figyeljen! Ezek a válaszlehetőségek mindig spontának számítanak, ezért nem találhatók a kártyákon és nem olvassák fel a válaszadónak.",v100,Részt venni a jogszerűen engedélyezett demonstrációkon,"1 - tettem, már tettem, 2 - megtehetném, 3 - soha nem tenném, 8 - Nem tudom, 9 - Nem válaszolt",Final answer: 1,success
Q30,"Kérem figyeljen! Ezek a válaszlehetőségek mindig spontának számítanak, ezért nem találhatók a kártyákon és nem olvassák fel a válaszadónak.",v101,Csatlakozni a nem hivatalos sztrájkokhoz,"1 - tettem, már tettem, 2 - megtehetném, 3 - soha nem tenném, 8 - Nem tudom, 9 - Nem válaszolt",Final answer: 1,success
Q31,A politikában bal- és jobboldalról beszélnek. Hol helyezné el meggyőződéseit ezen a skálán?,v102,,"1 - baloldal, 2 - jobboldal, 8 - Nem tudom, 9 - Nem válaszolt",Final answer: 2,success
Q32,"Kérem figyeljen! Ezek a válaszlehetőségek mindig spontának számítanak, ezért nem találhatók a kártyákon és nem olvassák fel a válaszadónak.",v103,,"1 - Az államnak több felelősséget kell vállalnia, hogy mindenki megélhetését biztosítsa, 2 - Az embereknek több felelősséget kell vállalniuk magukért, 8 - Nem tudom, 9 - Nem válaszolt",Final answer: 9,success
Q32,"Kérem figyeljen! Ezek a válaszlehetőségek mindig spontának számítanak, ezért nem találhatók a kártyákon és nem olvassák fel a válaszadónak.",v104,,"1 - Az államnak több felelősséget kell vállalnia, hogy mindenki megélhetését biztosítsa, 2 - Az embereknek több felelősséget kell vállalniuk magukért, 8 - Nem tudom, 9 - Nem válaszolt",Final answer: 1,success
Q32,"Kérem figyeljen! Ezek a válaszlehetőségek mindig spontának számítanak, ezért nem találhatók a kártyákon és nem olvassák fel a válaszadónak.",v105,,"1 - Az államnak több felelősséget kell vállalnia, hogy mindenki megélhetését biztosítsa, 2 - Az embereknek több felelősséget kell vállalniuk magukért, 8 - Nem tudom, 9 - Nem válaszolt",Final answer: 1,success
Q32,"Kérem figyeljen! Ezek a válaszlehetőségek mindig spontának számítanak, ezért nem találhatók a kártyákon és nem olvassák fel a válaszadónak.",v106,,"1 - Az államnak több felelősséget kell vállalnia, hogy mindenki megélhetését biztosítsa, 2 - Az embereknek több felelősséget kell vállalniuk magukért, 8 - Nem tudom, 9 - Nem válaszolt",Final answer: 8,success
Q32,"Kérem figyeljen! Ezek a válaszlehetőségek mindig spontának számítanak, ezért nem találhatók a kártyákon és nem olvassák fel a válaszadónak.",v107,,"1 - Az államnak több felelősséget kell vállalnia, hogy mindenki megélhetését biztosítsa, 2 - Az embereknek több felelősséget kell vállalniuk magukért, 8 - Nem tudom, 9 - Nem válaszolt",Final answer: 1,success
Q33,"Ha választania kellene, melyik cél lenne a legfontosabb az Ön számára?",v108,,"1 - A magas gazdasági növekedés elérése, 2 - Erős védelmi erők biztosítása, 3 - A polgárok befolyásának növelése a döntéshozatalban a munkahelyükön és a közösségükben, 4 - A városaink és falvaink szebbé tétele, 8 - Nem tudom, 9 - Nem válaszolt",Final answer: 3,success
Q33a,Második legfontosabb cél?,v109,,"1 - A magas gazdasági növekedés elérése, 2 - Erős védelmi erők biztosítása, 3 - A polgárok befolyásának növelése a döntéshozatalban a munkahelyükön és a közösségükben, 4 - A városaink és falvaink szebbé tétele, 8 - Nem tudom, 9 - Nem válaszolt",Final answer: 3,success
Q34,"Ha választania kellene, melyik dolog lenne a legfontosabb az Ön számára?",v110,,"1 - Az állam fenntartsa a rendet, 2 - Biztosítsa a polgárok nagyobb befolyását a döntésekre, 3 - Harcoljon a magas árak ellen, 4 - Védje a szólásszabadságot, 8 - Nem tudom, 9 - Nem válaszolt",Final answer: 4 - Védje a szólásszabadságot,success
Q35,Második legfontosabb cél?,v111,,"1 - Az állam fenntartsa a rendet, 2 - Biztosítsa a polgárok nagyobb befolyását a döntésekre, 3 - Harcoljon a magas árak ellen, 4 - Védje a szólásszabadságot, 8 - Nem tudom, 9 - Nem válaszolt",Final answer: 4,success
Q36,"Függetlenül attól, hogy háború lesz-e, lenne-e hajlandó harcolni az országáért?",v112,,"1 - Igen, 2 - Nem, 8 - Nem tudom, 9 - Nem válaszolt",Final answer: 1,success
Q37,"Kérem figyeljen! Ezek a válaszlehetőségek mindig spontának számítanak, ezért nem találhatók a kártyákon és nem olvassák fel a válaszadónak.",v113,A munka fontosságának csökkentése,"1 - nagyon fontos, 2 - eléggé fontos, 3 - nem túl fontos, 8 - Nem tudom, 9 - Nem válaszolt",Final answer: 3,success
Q37,"Kérem figyeljen! Ezek a válaszlehetőségek mindig spontának számítanak, ezért nem találhatók a kártyákon és nem olvassák fel a válaszadónak.",v114,A tekintély tiszteletének növelése,"1 - nagyon fontos, 2 - eléggé fontos, 3 - nem túl fontos, 8 - Nem tudom, 9 - Nem válaszolt",Final answer: 1,success
Q38,"Kérem figyeljen! Ezek a válaszlehetőségek mindig spontának számítanak, ezért nem találhatók a kártyákon és nem olvassák fel a válaszadónak.",v115,Egyház,"1 - nagyon nagy bizalom, 2 - nagy bizalom, 3 - nem túl nagy bizalom, 4 - egyáltalán nem megbízom, 8 - Nem tudom, 9 - Nem válaszolt",Final answer: 1,success
Q38,"Kérem figyeljen! Ezek a válaszlehetőségek mindig spontának számítanak, ezért nem találhatók a kártyákon és nem olvassák fel a válaszadónak.",v116,Hadsereg,"1 - nagyon nagy bizalom, 2 - nagy bizalom, 3 - nem túl nagy bizalom, 4 - egyáltalán nem megbízom, 8 - Nem tudom, 9 - Nem válaszolt",Final answer: 8,success
Q38,"Kérem figyeljen! Ezek a válaszlehetőségek mindig spontának számítanak, ezért nem találhatók a kártyákon és nem olvassák fel a válaszadónak.",v117,Oktatási rendszer,"1 - nagyon nagy bizalom, 2 - nagy bizalom, 3 - nem túl nagy bizalom, 4 - egyáltalán nem megbízom, 8 - Nem tudom, 9 - Nem válaszolt",Final answer: 2,success
Q38,"Kérem figyeljen! Ezek a válaszlehetőségek mindig spontának számítanak, ezért nem találhatók a kártyákon és nem olvassák fel a válaszadónak.",v118,Sajtó,"1 - nagyon nagy bizalom, 2 - nagy bizalom, 3 - nem túl nagy bizalom, 4 - egyáltalán nem megbízom, 8 - Nem tudom, 9 - Nem válaszolt",Final answer: @@8@@,success
Q38,"Kérem figyeljen! Ezek a válaszlehetőségek mindig spontának számítanak, ezért nem találhatók a kártyákon és nem olvassák fel a válaszadónak.",v119,Szakszervezetek,"1 - nagyon nagy bizalom, 2 - nagy bizalom, 3 - nem túl nagy bizalom, 4 - egyáltalán nem megbízom, 8 - Nem tudom, 9 - Nem válaszolt",Final answer: 4 - egyáltalán nem megbízom,success
Q38,"Kérem figyeljen! Ezek a válaszlehetőségek mindig spontának számítanak, ezért nem találhatók a kártyákon és nem olvassák fel a válaszadónak.",v120,Rendőrség,"1 - nagyon nagy bizalom, 2 - nagy bizalom, 3 - nem túl nagy bizalom, 4 - egyáltalán nem megbízom, 8 - Nem tudom, 9 - Nem válaszolt","Kérem, vegye figyelembe, hogy a válaszlehetőségek mindig spontánok, ezért nem szerepelnek a kártyákon, és nem olvassák fel a válaszadónak.

Aspekt: v120
Opció: Rendőrség
Skala válasz: 1 - nagyon nagy bizalom, 2 - nagy bizalom, 3 - nem túl nagy bizalom, 4 - egyáltalán nem bízik, 8 - Nem tudom, 9 - Nem válaszolt",success
Q38,"Kérem figyeljen! Ezek a válaszlehetőségek mindig spontának számítanak, ezért nem találhatók a kártyákon és nem olvassák fel a válaszadónak.",v121,Gyűlés,"1 - nagyon nagy bizalom, 2 - nagy bizalom, 3 - nem túl nagy bizalom, 4 - egyáltalán nem megbízom, 8 - Nem tudom, 9 - Nem válaszolt",Final answer: 3,success
Q38,"Kérem figyeljen! Ezek a válaszlehetőségek mindig spontának számítanak, ezért nem találhatók a kártyákon és nem olvassák fel a válaszadónak.",v122,Közszolgálat,"1 - nagyon nagy bizalom, 2 - nagy bizalom, 3 - nem túl nagy bizalom, 4 - egyáltalán nem megbízom, 8 - Nem tudom, 9 - Nem válaszolt",Final answer: 5,success
Q38,"Kérem figyeljen! Ezek a válaszlehetőségek mindig spontának számítanak, ezért nem találhatók a kártyákon és nem olvassák fel a válaszadónak.",v123,Társadalombiztosítási rendszer,"1 - nagyon nagy bizalom, 2 - nagy bizalom, 3 - nem túl nagy bizalom, 4 - egyáltalán nem megbízom, 8 - Nem tudom, 9 - Nem válaszolt",Final answer: 3,success
Q38,"Kérem figyeljen! Ezek a válaszlehetőségek mindig spontának számítanak, ezért nem találhatók a kártyákon és nem olvassák fel a válaszadónak.",v124,Európai Unió,"1 - nagyon nagy bizalom, 2 - nagy bizalom, 3 - nem túl nagy bizalom, 4 - egyáltalán nem megbízom, 8 - Nem tudom, 9 - Nem válaszolt",Final answer: 2,success
Q38,"Kérem figyeljen! Ezek a válaszlehetőségek mindig spontának számítanak, ezért nem találhatók a kártyákon és nem olvassák fel a válaszadónak.",v125,ENSZ (Egyesült Nemzetek),"1 - nagyon nagy bizalom, 2 - nagy bizalom, 3 - nem túl nagy bizalom, 4 - egyáltalán nem megbízom, 8 - Nem tudom, 9 - Nem válaszolt",Final answer: 1,success
Q38,"Kérem figyeljen! Ezek a válaszlehetőségek mindig spontának számítanak, ezért nem találhatók a kártyákon és nem olvassák fel a válaszadónak.",v126,Egészségügyi rendszer,"1 - nagyon nagy bizalom, 2 - nagy bizalom, 3 - nem túl nagy bizalom, 4 - egyáltalán nem megbízom, 8 - Nem tudom, 9 - Nem válaszolt",Final answer: 2,success
Q38,"Kérem figyeljen! Ezek a válaszlehetőségek mindig spontának számítanak, ezért nem találhatók a kártyákon és nem olvassák fel a válaszadónak.",v127,Igazságszolgáltatási rendszer,"1 - nagyon nagy bizalom, 2 - nagy bizalom, 3 - nem túl nagy bizalom, 4 - egyáltalán nem megbízom, 8 - Nem tudom, 9 - Nem válaszolt",Final answer: 4,success
Q38,"Kérem figyeljen! Ezek a válaszlehetőségek mindig spontának számítanak, ezért nem találhatók a kártyákon és nem olvassák fel a válaszadónak.",v128,Nagyvállalatok,"1 - nagyon nagy bizalom, 2 - nagy bizalom, 3 - nem túl nagy bizalom, 4 - egyáltalán nem megbízom, 8 - Nem tudom, 9 - Nem válaszolt",Final answer: 4,success
Q38,"Kérem figyeljen! Ezek a válaszlehetőségek mindig spontának számítanak, ezért nem találhatók a kártyákon és nem olvassák fel a válaszadónak.",v129,Környezetvédő szervezetek,"1 - nagyon nagy bizalom, 2 - nagy bizalom, 3 - nem túl nagy bizalom, 4 - egyáltalán nem megbízom, 8 - Nem tudom, 9 - Nem válaszolt",Final answer: 4,success
Q38,"Kérem figyeljen! Ezek a válaszlehetőségek mindig spontának számítanak, ezért nem találhatók a kártyákon és nem olvassák fel a válaszadónak.",v130,Politikai pártok,"1 - nagyon nagy bizalom, 2 - nagy bizalom, 3 - nem túl nagy bizalom, 4 - egyáltalán nem megbízom, 8 - Nem tudom, 9 - Nem válaszolt",Final answer: 1,success
Q38,"Kérem figyeljen! Ezek a válaszlehetőségek mindig spontának számítanak, ezért nem találhatók a kártyákon és nem olvassák fel a válaszadónak.",v131,Kormány és államigazgatás,"1 - nagyon nagy bizalom, 2 - nagy bizalom, 3 - nem túl nagy bizalom, 4 - egyáltalán nem megbízom, 8 - Nem tudom, 9 - Nem válaszolt",Final answer: 3,success
Q38,"Kérem figyeljen! Ezek a válaszlehetőségek mindig spontának számítanak, ezért nem találhatók a kártyákon és nem olvassák fel a válaszadónak.",v132,Társadalmi hálózatok,"1 - nagyon nagy bizalom, 2 - nagy bizalom, 3 - nem túl nagy bizalom, 4 - egyáltalán nem megbízom, 8 - Nem tudom, 9 - Nem válaszolt",Final answer: 9,success
Q39,"Kérem figyeljen! Ezek a válaszlehetőségek mindig spontának számítanak, ezért nem találhatók a kártyákon és nem olvassák fel a válaszadónak.",v133,A kormány adóztatja a gazdagokat és támogatja a szegényeket.,"1 - egyáltalán nem lényeges, 2 - nem túl lényeges, 3 - mérsékelt mértékben lényeges, 4 - fontos, 5 - nagyon fontos, 6 - rendkívül fontos, 7 - kiemelten fontos, 8 - Nem tudom, 9 - Nem válaszolt",Final answer: 6 - rendkívül fontos,success
Q39,"Kérem figyeljen! Ezek a válaszlehetőségek mindig spontának számítanak, ezért nem találhatók a kártyákon és nem olvassák fel a válaszadónak.",v134,A vallási hatóságok adják meg a végső értelmezést a törvényeknek.,"1 - egyáltalán nem lényeges, 2 - nem túl lényeges, 3 - mérsékelt mértékben lényeges, 4 - fontos, 5 - nagyon fontos, 6 - rendkívül fontos, 7 - kiemelten fontos, 8 - Nem tudom, 9 - Nem válaszolt",Final answer: 5,success
Q39,"Kérem figyeljen! Ezek a válaszlehetőségek mindig spontának számítanak, ezért nem találhatók a kártyákon és nem olvassák fel a válaszadónak.",v135,Az emberek választják vezetőiket szabad választásokon.,"1 - egyáltalán nem lényeges, 2 - nem túl lényeges, 3 - mérsékelt mértékben lényeges, 4 - fontos, 5 - nagyon fontos, 6 - rendkívül fontos, 7 - kiemelten fontos, 8 - Nem tudom, 9 - Nem válaszolt",Final answer: 5 - nagyon fontos,success
Q39,"Kérem figyeljen! Ezek a válaszlehetőségek mindig spontának számítanak, ezért nem találhatók a kártyákon és nem olvassák fel a válaszadónak.",v136,A munkanélküli emberek állami támogatást kapnak.,"1 - egyáltalán nem lényeges, 2 - nem túl lényeges, 3 - mérsékelt mértékben lényeges, 4 - fontos, 5 - nagyon fontos, 6 - rendkívül fontos, 7 - kiemelten fontos, 8 - Nem tudom, 9 - Nem válaszolt",Final answer: 5,success
Q39,"Kérem figyeljen! Ezek a válaszlehetőségek mindig spontának számítanak, ezért nem találhatók a kártyákon és nem olvassák fel a válaszadónak.",v137,"A hadsereg átveszi a hatalmat, ha a kormány képtelen.","1 - egyáltalán nem lényeges, 2 - nem túl lényeges, 3 - mérsékelt mértékben lényeges, 4 - fontos, 5 - nagyon fontos, 6 - rendkívül fontos, 7 - kiemelten fontos, 8 - Nem tudom, 9 - Nem válaszolt",Final answer: 5,success
Q39,"Kérem figyeljen! Ezek a válaszlehetőségek mindig spontának számítanak, ezért nem találhatók a kártyákon és nem olvassák fel a válaszadónak.",v138,A polgári jogok védik az embereket az állami elnyomástól.,"1 - egyáltalán nem lényeges, 2 - nem túl lényeges, 3 - mérsékelt mértékben lényeges, 4 - fontos, 5 - nagyon fontos, 6 - rendkívül fontos, 7 - kiemelten fontos, 8 - Nem tudom, 9 - Nem válaszolt",Final answer: 5,success
Q39,"Kérem figyeljen! Ezek a válaszlehetőségek mindig spontának számítanak, ezért nem találhatók a kártyákon és nem olvassák fel a válaszadónak.",v139,Az állam kiegyenlíti az emberek jövedelmét.,"1 - egyáltalán nem lényeges, 2 - nem túl lényeges, 3 - mérsékelt mértékben lényeges, 4 - fontos, 5 - nagyon fontos, 6 - rendkívül fontos, 7 - kiemelten fontos, 8 - Nem tudom, 9 - Nem válaszolt",Final answer: 4,success
Q39,"Kérem figyeljen! Ezek a válaszlehetőségek mindig spontának számítanak, ezért nem találhatók a kártyákon és nem olvassák fel a válaszadónak.",v140,Az emberek hallgatják uralkodóikat.,"1 - egyáltalán nem lényeges, 2 - nem túl lényeges, 3 - mérsékelt mértékben lényeges, 4 - fontos, 5 - nagyon fontos, 6 - rendkívül fontos, 7 - kiemelten fontos, 8 - Nem tudom, 9 - Nem válaszolt",Final answer: 7 - kiemelten fontos,success
Q39,"Kérem figyeljen! Ezek a válaszlehetőségek mindig spontának számítanak, ezért nem találhatók a kártyákon és nem olvassák fel a válaszadónak.",v141,"A nőknek ugyanazok a jogai vannak, mint a férfiaknak.","1 - egyáltalán nem lényeges, 2 - nem túl lényeges, 3 - mérsékelt mértékben lényeges, 4 - fontos, 5 - nagyon fontos, 6 - rendkívül fontos, 7 - kiemelten fontos, 8 - Nem tudom, 9 - Nem válaszolt",Final answer: 5,success
Q40,"Mennyire fontos az Ön számára, hogy egy demokratikusan vezetett országban éljen? Kérem válassza a skálán a 1-es számot, ha egyáltalán nem fontos, a 10-es számot pedig, ha „nagyon fontos”.",v142,,"1 - egyáltalán nem fontos, 2 - nem túl fontos, 3 - elég fontos, 4 - fontos, 5 - meglehetősen fontos, 6 - nagyon fontos, 7 - rendkívül fontos, 8 - Nem tudom, 9 - Nem válaszolt",Final answer: 1,success
Q41,"Mennyire érzi úgy, hogy az Ön országát jelenleg demokratikusan vezetik? Kérem válassza a skálán a 1-es számot, ha „egyáltalán nem demokratikus”, a 10-es számot pedig, ha „teljesen demokratikus”.",v143,,"1 - egyáltalán nem demokratikus, 2 - nem túl demokratikus, 3 - elég demokratikus, 4 - fontos, 5 - meglehetősen demokratikus, 6 - nagyon demokratikus, 7 - rendkívül demokratikus, 8 - Nem tudom, 9 - Nem válaszolt",Final answer: 8,success
Q42,"Összességében mennyire elégedett a politikai rendszer működésével az Ön országában az utóbbi időben? Kérem válassza a skálán a 1-es számot, ha „egyáltalán nem elégedett”, a 10-es számot pedig, ha „teljesen elégedett”.",v144,,"1 - egyáltalán nem elégedett, 2 - nem túl elégedett, 3 - elég elégedett, 4 - fontos, 5 - meglehetősen elégedett, 6 - nagyon elégedett, 7 - rendkívül elégedett, 8 - Nem tudom, 9 - Nem válaszolt",Final answer: 6,success
Q43,"Kérem figyeljen! Ezek a válaszlehetőségek mindig spontának számítanak, ezért nem találhatók a kártyákon és nem olvassák fel a válaszadónak.",v145,"Erős vezetőt kellene, akinek nem kell törődnie a parlamenttel és a választásokkal.","1 - teljesen egyetértek, 2 - egyetértek, 3 - sem egyetértek, sem nem egyetértek, 4 - nem egyetértek, 5 - egyáltalán nem egyetértek, 8 - Nem tudom, 9 - Nem válaszolt",Final answer: 5 - egyáltalán nem egyetértek,success
Q43,"Kérem figyeljen! Ezek a válaszlehetőségek mindig spontának számítanak, ezért nem találhatók a kártyákon és nem olvassák fel a válaszadónak.",v146,"Szakértőknek kellene döntéseket hozniuk a saját becslésük alapján arról, hogy mi a legjobb az országnak.","1 - teljesen egyetértek, 2 - egyetértek, 3 - sem egyetértek, sem nem egyetértek, 4 - nem egyetértek, 5 - egyáltalán nem egyetértek, 8 - Nem tudom, 9 - Nem válaszolt",Final answer: 1,success
Q43,"Kérem figyeljen! Ezek a válaszlehetőségek mindig spontának számítanak, ezért nem találhatók a kártyákon és nem olvassák fel a válaszadónak.",v147,Katonai kormányzást kellene.,"1 - teljesen egyetértek, 2 - egyetértek, 3 - sem egyetértek, sem nem egyetértek, 4 - nem egyetértek, 5 - egyáltalán nem egyetértek, 8 - Nem tudom, 9 - Nem válaszolt",Final answer: 5,success
Q43,"Kérem figyeljen! Ezek a válaszlehetőségek mindig spontának számítanak, ezért nem találhatók a kártyákon és nem olvassák fel a válaszadónak.",v148,Demokratikus politikai rendszert kellene.,"1 - teljesen egyetértek, 2 - egyetértek, 3 - sem egyetértek, sem nem egyetértek, 4 - nem egyetértek, 5 - egyáltalán nem egyetértek, 8 - Nem tudom, 9 - Nem válaszolt",Final answer: 9,success
Q44,"Kérem figyeljen! Ezek a válaszlehetőségek mindig spontának számítanak, ezért nem találhatók a kártyákon és nem olvassák fel a válaszadónak.",v149,"Kérni állami juttatásokat, amelyekre nem jogosult.","1 - mindig igazolható, 2 - valószínűleg igazolható, 3 - nem igazolható, 4 - soha nem igazolható, 8 - Nem tudom, 9 - Nem válaszolt",Final answer: 3 - nem igazolható,success
Q44,"Kérem figyeljen! Ezek a válaszlehetőségek mindig spontának számítanak, ezért nem találhatók a kártyákon és nem olvassák fel a válaszadónak.",v150,"Adócsalás, ha van rá lehetőség.","1 - mindig igazolható, 2 - valószínűleg igazolható, 3 - nem igazolható, 4 - soha nem igazolható, 8 - Nem tudom, 9 - Nem válaszolt",Final answer: 9 - Nem válaszolt,success
Q44,"Kérem figyeljen! Ezek a válaszlehetőségek mindig spontának számítanak, ezért nem találhatók a kártyákon és nem olvassák fel a válaszadónak.",v151,"Kábítószer fogyasztása, mint a marihuána vagy a hasis.","1 - mindig igazolható, 2 - valószínűleg igazolható, 3 - nem igazolható, 4 - soha nem igazolható, 8 - Nem tudom, 9 - Nem válaszolt",Final answer: 4 - soha ne bi mogao biti dokazan,success
Q44,"Kérem figyeljen! Ezek a válaszlehetőségek mindig spontának számítanak, ezért nem találhatók a kártyákon és nem olvassák fel a válaszadónak.",v152,Kenőpénz elfogadása a munkahelyen.,"1 - mindig igazolható, 2 - valószínűleg igazolható, 3 - nem igazolható, 4 - soha nem igazolható, 8 - Nem tudom, 9 - Nem válaszolt",Final answer: 4,success
Q44,"Kérem figyeljen! Ezek a válaszlehetőségek mindig spontának számítanak, ezért nem találhatók a kártyákon és nem olvassák fel a válaszadónak.",v153,Homoszexualitás.,"1 - mindig igazolható, 2 - valószínűleg igazolható, 3 - nem igazolható, 4 - soha nem igazolható, 8 - Nem tudom, 9 - Nem válaszolt",Final answer: 9 - Nem válaszolt,success
Q44,"Kérem figyeljen! Ezek a válaszlehetőségek mindig spontának számítanak, ezért nem találhatók a kártyákon és nem olvassák fel a válaszadónak.",v154,Terhesség megszakítása (abortusz).,"1 - mindig igazolható, 2 - valószínűleg igazolható, 3 - nem igazolható, 4 - soha nem igazolható, 8 - Nem tudom, 9 - Nem válaszolt",Konačni odgovor: 3 - Ne mogu potvrditi.,success
Q44,"Kérem figyeljen! Ezek a válaszlehetőségek mindig spontának számítanak, ezért nem találhatók a kártyákon és nem olvassák fel a válaszadónak.",v155,Válás.,"1 - mindig igazolható, 2 - valószínűleg igazolható, 3 - nem igazolható, 4 - soha nem igazolható, 8 - Nem tudom, 9 - Nem válaszolt",Final answer: 3,success
Q44,"Kérem figyeljen! Ezek a válaszlehetőségek mindig spontának számítanak, ezért nem találhatók a kártyákon és nem olvassák fel a válaszadónak.",v156,Eutanázia (életvégi segítség).,"1 - mindig igazolható, 2 - valószínűleg igazolható, 3 - nem igazolható, 4 - soha nem igazolható, 8 - Nem tudom, 9 - Nem válaszolt",Final answer: 3,success
Q44,"Kérem figyeljen! Ezek a válaszlehetőségek mindig spontának számítanak, ezért nem találhatók a kártyákon és nem olvassák fel a válaszadónak.",v157,Öngyilkosság.,"1 - mindig igazolható, 2 - valószínűleg igazolható, 3 - nem igazolható, 4 - soha nem igazolható, 8 - Nem tudom, 9 - Nem válaszolt",Final answer: 3,success
Q44,"Kérem figyeljen! Ezek a válaszlehetőségek mindig spontának számítanak, ezért nem találhatók a kártyákon és nem olvassák fel a válaszadónak.",v158,Véletlenszerű szex.,"1 - mindig igazolható, 2 - valószínűleg igazolható, 3 - nem igazolható, 4 - soha nem igazolható, 8 - Nem tudom, 9 - Nem válaszolt",Final answer: 9 - Nem válaszolt,success
Q44,"Kérem figyeljen! Ezek a válaszlehetőségek mindig spontának számítanak, ezért nem találhatók a kártyákon és nem olvassák fel a válaszadónak.",v159,Bérlet nélküli utazás a tömegközlekedésen.,"1 - mindig igazolható, 2 - valószínűleg igazolható, 3 - nem igazolható, 4 - soha nem igazolható, 8 - Nem tudom, 9 - Nem válaszolt",Final answer: 3 - nem igazolható,success
Q44,"Kérem figyeljen! Ezek a válaszlehetőségek mindig spontának számítanak, ezért nem találhatók a kártyákon és nem olvassák fel a válaszadónak.",v160,Prostitúció.,"1 - mindig igazolható, 2 - valószínűleg igazolható, 3 - nem igazolható, 4 - soha nem igazolható, 8 - Nem tudom, 9 - Nem válaszolt",Final answer: 9 - Nem válaszolt,success
Q44,"Kérem figyeljen! Ezek a válaszlehetőségek mindig spontának számítanak, ezért nem találhatók a kártyákon és nem olvassák fel a válaszadónak.",v161,Mesterséges megtermékenyítés.,"1 - mindig igazolható, 2 - valószínűleg igazolható, 3 - nem igazolható, 4 - soha nem igazolható, 8 - Nem tudom, 9 - Nem válaszolt",Final answer: 4 - soha nem igazolható,success
Q44,"Kérem figyeljen! Ezek a válaszlehetőségek mindig spontának számítanak, ezért nem találhatók a kártyákon és nem olvassák fel a válaszadónak.",v162,Politikai erőszak.,"1 - mindig igazolható, 2 - valószínűleg igazolható, 3 - nem igazolható, 4 - soha nem igazolható, 8 - Nem tudom, 9 - Nem válaszolt",Final answer: 3,success
Q44,"Kérem figyeljen! Ezek a válaszlehetőségek mindig spontának számítanak, ezért nem találhatók a kártyákon és nem olvassák fel a válaszadónak.",v163,Halálbüntetés.,"1 - mindig igazolható, 2 - valószínűleg igazolható, 3 - nem igazolható, 4 - soha nem igazolható, 8 - Nem tudom, 9 - Nem válaszolt",Final answer: 3,success
Q45,"Kérem figyeljen! Ezek a válaszlehetőségek mindig spontának számítanak, ezért nem találhatók a kártyákon és nem olvassák fel a válaszadónak.",v164,A lakóhelyéhez,"1 - nagyon közel állok, 2 - közel állok, 3 - nem túl közel állok, 4 - egyáltalán nem állok közel, 8 - Nem tudom, 9 - Nem válaszolt",Final answer: 1,success
Q45,"Kérem figyeljen! Ezek a válaszlehetőségek mindig spontának számítanak, ezért nem találhatók a kártyákon és nem olvassák fel a válaszadónak.",v165,A szomszédságához,"1 - nagyon közel állok, 2 - közel állok, 3 - nem túl közel állok, 4 - egyáltalán nem állok közel, 8 - Nem tudom, 9 - Nem válaszolt",Final answer: 2,success
Q45,"Kérem figyeljen! Ezek a válaszlehetőségek mindig spontának számítanak, ezért nem találhatók a kártyákon és nem olvassák fel a válaszadónak.",v166,Szerbiához,"1 - nagyon közel állok, 2 - közel állok, 3 - nem túl közel állok, 4 - egyáltalán nem állok közel, 8 - Nem tudom, 9 - Nem válaszolt",Final answer: 9,success
Q45,"Kérem figyeljen! Ezek a válaszlehetőségek mindig spontának számítanak, ezért nem találhatók a kártyákon és nem olvassák fel a válaszadónak.",v167,Európához,"1 - nagyon közel állok, 2 - közel állok, 3 - nem túl közel állok, 4 - egyáltalán nem állok közel, 8 - Nem tudom, 9 - Nem válaszolt",Final answer: 8,success
Q45,"Kérem figyeljen! Ezek a válaszlehetőségek mindig spontának számítanak, ezért nem találhatók a kártyákon és nem olvassák fel a válaszadónak.",v168,A világhoz,"1 - nagyon közel állok, 2 - közel állok, 3 - nem túl közel állok, 4 - egyáltalán nem állok közel, 8 - Nem tudom, 9 - Nem válaszolt",Final answer: 1,success
Q46,Ön szerb állampolgár?,v169,,"1 - Igen, 2 - Nem, 8 - Nem tudom, 9 - Nem válaszolt",Final answer: 2,success
Q47,"Ön büszke arra, hogy szerb állampolgár?",v170,,"1 - nagyon büszke, 2 - büszke, 3 - nem túl büszke, 4 - egyáltalán nem büszke, 8 - Nem tudom, 9 - Nem válaszolt",Final answer: 2,success
Q48,"Választásokon mindig szavaz, néha szavaz vagy soha nem szavaz? Kérem válaszoljon a következő kérdésekre.",v171,Helyi szinten,"1 - mindig, 2 - néha, 3 - soha, 8 - Nem tudom, 9 - Nem válaszolt",Final answer: 2,success
Q48,"Választásokon mindig szavaz, néha szavaz vagy soha nem szavaz? Kérem válaszoljon a következő kérdésekre.",v172,Országos szinten,"1 - mindig, 2 - néha, 3 - soha, 8 - Nem tudom, 9 - Nem válaszolt",Final answer: 1,success
Q49,Melyik párt vonzza Önt a legjobban?,v174,,"1 - Szerb Haladó Párt (SNS), 2 - Demokratikus Párt (DS), 3 - Mozgalom a szabad polgárokért (PSGS), 4 - Nemzeti Párt (NS), 5 - Szerb Demokratikus Párt (DSS), 6 - Szerb Radikális Párt (SRS), 7 - Szociáldemokrata Párt (SDS), 8 - Dveri, 9 - Elég volt (DJB), 10 - Nyugdíjasok pártja (PUPS), 11 - Vajdasági Szövetség (SVM), 12 - Liga a vajdasági szociáldemokratákért (LSV), 13 - A demokrácia pártja (PDD), 14 - Romák pártja (RP), 15 - Stranka demokratske akcije (SDA), 16 - Szociáldemokrata Párt (SDPS), 17 - Demokrata Szövetség a Vajdaság Hrvatjaiért (DSHV), 31 - Egyéb (írja be):",Final answer: 1,success
Q49a,"Van még egy másik párt, ami közel áll Önhoz?",v175,,"1 - Szerb Haladó Párt (SNS), 2 - Demokratikus Párt (DS), 3 - Mozgalom a szabad polgárokért (PSGS), 4 - Nemzeti Párt (NS), 5 - Szerb Demokratikus Párt (DSS), 6 - Szerb Radikális Párt (SRS), 7 - Szociáldemokrata Párt (SDS), 8 - Dveri, 9 - Elég volt (DJB), 10 - Nyugdíjasok pártja (PUPS), 11 - Vajdasági Szövetség (SVM), 12 - Liga a vajdasági szociáldemokratákért (LSV), 13 - A demokrácia pártja (PDD), 14 - Romák pártja (RP), 15 - Stranka demokratske akcije (SDA), 16 - Szociáldemokrata Párt (SDPS), 17 - Demokrata Szövetség a Vajdaság Hrvatjaiért (DSHV), 31 - Egyéb (írja be):",Final answer: 2,success
Q50,"Kérem figyeljen! Ezek a válaszlehetőségek mindig spontának számítanak, ezért nem találhatók a kártyákon és nem olvassák fel a válaszadónak.",v176,Szavazatok őszinte megszámolása,"1 - nagyon gyakran, 2 - gyakran, 3 - ritkán, 4 - nagyon ritkán, 8 - Nem tudom, 9 - Nem válaszolt",Final answer: 4,success
Q50,"Kérem figyeljen! Ezek a válaszlehetőségek mindig spontának számítanak, ezért nem találhatók a kártyákon és nem olvassák fel a válaszadónak.",v177,Az ellenzéki jelölteket megakadályozzák a választásokon való indulásban.,"1 - nagyon gyakran, 2 - gyakran, 3 - ritkán, 4 - nagyon ritkán, 8 - Nem tudom, 9 - Nem válaszolt",Final answer: 3,success
Q50,"Kérem figyeljen! Ezek a válaszlehetőségek mindig spontának számítanak, ezért nem találhatók a kártyákon és nem olvassák fel a válaszadónak.",v178,A TV hírek pártolják a kormányzó pártot.,"1 - nagyon gyakran, 2 - gyakran, 3 - ritkán, 4 - nagyon ritkán, 8 - Nem tudom, 9 - Nem válaszolt",Final answer: 1,success
Q50,"Kérem figyeljen! Ezek a válaszlehetőségek mindig spontának számítanak, ezért nem találhatók a kártyákon és nem olvassák fel a válaszadónak.",v179,Szavazatokat vesztegetnek.,"1 - nagyon gyakran, 2 - gyakran, 3 - ritkán, 4 - nagyon ritkán, 8 - Nem tudom, 9 - Nem válaszolt",Final answer: 1,success
Q50,"Kérem figyeljen! Ezek a válaszlehetőségek mindig spontának számítanak, ezért nem találhatók a kártyákon és nem olvassák fel a válaszadónak.",v180,Az újságírók őszintén számolnak be a választásokról.,"1 - nagyon gyakran, 2 - gyakran, 3 - ritkán, 4 - nagyon ritkán, 8 - Nem tudom, 9 - Nem válaszolt",Final answer: 8 - Nem tudom,success
Q50,"Kérem figyeljen! Ezek a válaszlehetőségek mindig spontának számítanak, ezért nem találhatók a kártyákon és nem olvassák fel a válaszadónak.",v181,A választási tisztviselők becsületesek.,"1 - nagyon gyakran, 2 - gyakran, 3 - ritkán, 4 - nagyon ritkán, 8 - Nem tudom, 9 - Nem válaszolt",Final answer: 4,success
Q50,"Kérem figyeljen! Ezek a válaszlehetőségek mindig spontának számítanak, ezért nem találhatók a kártyákon és nem olvassák fel a válaszadónak.",v182,A gazdagok megveszik a választásokat.,"1 - nagyon gyakran, 2 - gyakran, 3 - ritkán, 4 - nagyon ritkán, 8 - Nem tudom, 9 - Nem válaszolt",Final answer: 9,success
Q50,"Kérem figyeljen! Ezek a válaszlehetőségek mindig spontának számítanak, ezért nem találhatók a kártyákon és nem olvassák fel a válaszadónak.",v183,Szavazókat fenyegetnek a választási helyszíneken.,"1 - nagyon gyakran, 2 - gyakran, 3 - ritkán, 4 - nagyon ritkán, 8 - Nem tudom, 9 - Nem válaszolt",Final answer: 4 - nagyon ritkán,success
Q51,Mennyire érdekel a politika?,v184,,"1 - nagyon érdekel, 2 - eléggé érdekel, 3 - nem túl érdekel, 4 - egyáltalán nem érdekel, 8 - Nem tudom, 9 - Nem válaszolt",Final answer: 9,success
Q52,"Kérem figyeljen! Ezek a válaszlehetőségek mindig spontának számítanak, ezért nem találhatók a kártyákon és nem olvassák fel a válaszadónak.",v185,A bevándorlók pozitívan befolyásolják az ország fejlődését.,"1 - nagyon jó, 2 - eléggé jó, 3 - sem jó, sem nem jó, 4 - nem túl jó, 5 - nagyon rossz, 8 - Nem tudom, 9 - Nem válaszolt",Final answer: 4,success
Q52,"Kérem figyeljen! Ezek a válaszlehetőségek mindig spontának számítanak, ezért nem találhatók a kártyákon és nem olvassák fel a válaszadónak.",v186,,"1 - nagyon jó, 2 - eléggé jó, 3 - sem jó, sem nem jó, 4 - nem túl jó, 5 - nagyon rossz, 8 - Nem tudom, 9 - Nem válaszolt",Final answer: 3,success
Q52,"Kérem figyeljen! Ezek a válaszlehetőségek mindig spontának számítanak, ezért nem találhatók a kártyákon és nem olvassák fel a válaszadónak.",v187,,"1 - nagyon jó, 2 - eléggé jó, 3 - sem jó, sem nem jó, 4 - nem túl jó, 5 - nagyon rossz, 8 - Nem tudom, 9 - Nem válaszolt",Final answer: 5,success
Q52,"Kérem figyeljen! Ezek a válaszlehetőségek mindig spontának számítanak, ezért nem találhatók a kártyákon és nem olvassák fel a válaszadónak.",v188,,"1 - nagyon jó, 2 - eléggé jó, 3 - sem jó, sem nem jó, 4 - nem túl jó, 5 - nagyon rossz, 8 - Nem tudom, 9 - Nem válaszolt",Final answer: 8,success
Q53,"Kérem figyeljen! Ezek a válaszlehetőségek mindig spontának számítanak, ezért nem találhatók a kártyákon és nem olvassák fel a válaszadónak.",v189,Születni Szerbiában,"1 - nagyon fontos, 2 - eléggé fontos, 3 - nem túl fontos, 4 - egyáltalán nem fontos, 8 - Nem tudom, 9 - Nem válaszolt",Final answer: 1,success
Q53,"Kérem figyeljen! Ezek a válaszlehetőségek mindig spontának számítanak, ezért nem találhatók a kártyákon és nem olvassák fel a válaszadónak.",v190,Tiszteletben tartani Szerbia politikai intézményeit és törvényeit,"1 - nagyon fontos, 2 - eléggé fontos, 3 - nem túl fontos, 4 - egyáltalán nem fontos, 8 - Nem tudom, 9 - Nem válaszolt",Final answer: 4,success
Q53,"Kérem figyeljen! Ezek a válaszlehetőségek mindig spontának számítanak, ezért nem találhatók a kártyákon és nem olvassák fel a válaszadónak.",v191,Szerb származású lenni,"1 - nagyon fontos, 2 - eléggé fontos, 3 - nem túl fontos, 4 - egyáltalán nem fontos, 8 - Nem tudom, 9 - Nem válaszolt",Final answer: 1,success
Q53,"Kérem figyeljen! Ezek a válaszlehetőségek mindig spontának számítanak, ezért nem találhatók a kártyákon és nem olvassák fel a válaszadónak.",v192,Szerb nyelvet beszélni,"1 - nagyon fontos, 2 - eléggé fontos, 3 - nem túl fontos, 4 - egyáltalán nem fontos, 8 - Nem tudom, 9 - Nem válaszolt",Final answer: 1,success
Q53,"Kérem figyeljen! Ezek a válaszlehetőségek mindig spontának számítanak, ezért nem találhatók a kártyákon és nem olvassák fel a válaszadónak.",v193,Megosztani a szerb kultúrát,"1 - nagyon fontos, 2 - eléggé fontos, 3 - nem túl fontos, 4 - egyáltalán nem fontos, 8 - Nem tudom, 9 - Nem válaszolt",Final answer: 1,success
Q54,"Kérem figyeljen! Ezek a válaszlehetőségek mindig spontának számítanak, ezért nem találhatók a kártyákon és nem olvassák fel a válaszadónak.",v194,Európai állampolgárnak lenni,"1 - nagyon fontos, 2 - eléggé fontos, 3 - nem túl fontos, 4 - egyáltalán nem fontos, 8 - Nem tudom, 9 - Nem válaszolt",Final answer: 1,success
Q54,"Kérem figyeljen! Ezek a válaszlehetőségek mindig spontának számítanak, ezért nem találhatók a kártyákon és nem olvassák fel a válaszadónak.",v195,Európai származású lenni,"1 - nagyon fontos, 2 - eléggé fontos, 3 - nem túl fontos, 4 - egyáltalán nem fontos, 8 - Nem tudom, 9 - Nem válaszolt",Final answer: 8,success
Q54,"Kérem figyeljen! Ezek a válaszlehetőségek mindig spontának számítanak, ezért nem találhatók a kártyákon és nem olvassák fel a válaszadónak.",v196,Keresztény lenni,"1 - nagyon fontos, 2 - eléggé fontos, 3 - nem túl fontos, 4 - egyáltalán nem fontos, 8 - Nem tudom, 9 - Nem válaszolt",Final answer: 9 - Nem válaszolt,success
Q54,"Kérem figyeljen! Ezek a válaszlehetőségek mindig spontának számítanak, ezért nem találhatók a kártyákon és nem olvassák fel a válaszadónak.",v197,Megosztani az európai kultúrát,"1 - nagyon fontos, 2 - eléggé fontos, 3 - nem túl fontos, 4 - egyáltalán nem fontos, 8 - Nem tudom, 9 - Nem válaszolt",Final answer: 2,success
Q55,"Kérem figyeljen! Ezek a válaszlehetőségek mindig spontának számítanak, ezért nem találhatók a kártyákon és nem olvassák fel a válaszadónak.",v198,,"1 - tovább kell terjeszteni, 2 - már túl sokat terjesztett, 8 - Nem tudom, 9 - Nem válaszolt",Final answer: 1,success
QPBS,"Kérem figyeljen! Ezek a válaszlehetőségek mindig spontának számítanak, ezért nem találhatók a kártyákon és nem olvassák fel a válaszadónak.",,Európai Unió,"1 - nagyon nagy mértékben, 2 - nagy mértékben, 3 - mérsékelt mértékben, 4 - egyáltalán nem, 9 - Nem tudom",1,success
QPBS,"Kérem figyeljen! Ezek a válaszlehetőségek mindig spontának számítanak, ezért nem találhatók a kártyákon és nem olvassák fel a válaszadónak.",,USA,"1 - nagyon nagy mértékben, 2 - nagy mértékben, 3 - mérsékelt mértékben, 4 - egyáltalán nem, 9 - Nem tudom",Final answer: 4,success
QPBS,"Kérem figyeljen! Ezek a válaszlehetőségek mindig spontának számítanak, ezért nem találhatók a kártyákon és nem olvassák fel a válaszadónak.",,Oroszország,"1 - nagyon nagy mértékben, 2 - nagy mértékben, 3 - mérsékelt mértékben, 4 - egyáltalán nem, 9 - Nem tudom",Konačni odgovor: 1,success
Q56,"Kérem figyeljen! Ezek a válaszlehetőségek mindig spontának számítanak, ezért nem találhatók a kártyákon és nem olvassák fel a válaszadónak.",v199,"Adóztassam a gazdagokat, hogy megakadályozzam a környezetszennyezést.","1 - teljesen egyetértek, 2 - egyetértek, 3 - sem egyetértek, sem nem egyetértek, 4 - nem egyetértek, 5 - egyáltalán nem egyetértek, 8 - Nem tudom, 9 - Nem válaszolt",Final answer: 1,success
Q56,"Kérem figyeljen! Ezek a válaszlehetőségek mindig spontának számítanak, ezért nem találhatók a kártyákon és nem olvassák fel a válaszadónak.",v200,Túl nehéz valami tenni a környezetért.,"1 - teljesen egyetértek, 2 - egyetértek, 3 - sem egyetértek, sem nem egyetértek, 4 - nem egyetértek, 5 - egyáltalán nem egyetértek, 8 - Nem tudom, 9 - Nem válaszolt",Final answer: 5,success
Q56,"Kérem figyeljen! Ezek a válaszlehetőségek mindig spontának számítanak, ezért nem találhatók a kártyákon és nem olvassák fel a válaszadónak.",v201,Sok állítás a környezeti fenyegetésekről túlzó.,"1 - teljesen egyetértek, 2 - egyetértek, 3 - sem egyetértek, sem nem egyetértek, 4 - nem egyetértek, 5 - egyáltalán nem egyetértek, 8 - Nem tudom, 9 - Nem válaszolt",Konačni odgovor: 5 - egyáltalán nem egyetértek,success
Q57,"Kérem figyeljen! Ezek a válaszlehetőségek mindig spontának számítanak, ezért nem találhatók a kártyákon és nem olvassák fel a válaszadónak.",v204,,"1 - A környezet védelme legyen a prioritás, még akkor is, ha ez lassabb gazdasági növekedéshez és munkahelyek elvesztéséhez vezet, 2 - A gazdasági növekedés és a munkahelyteremtés legyen a fő prioritás, még akkor is, ha a környezet szenved, 8 - Nem tudom, 9 - Nem válaszolt",Final answer: 1,success
Q58,"Kérem figyeljen! Ezek a válaszlehetőségek mindig spontának számítanak, ezért nem találhatók a kártyákon és nem olvassák fel a válaszadónak.",v205,Videómegfigyelést kell végezni a nyilvános helyeken.,"1 - határozottan kell, 2 - valószínűleg kell, 3 - nem kell, 4 - határozottan nem kell, 8 - Nem tudom, 9 - Nem válaszolt",Final answer: 1,success
Q58,"Kérem figyeljen! Ezek a válaszlehetőségek mindig spontának számítanak, ezért nem találhatók a kártyákon és nem olvassák fel a válaszadónak.",v206,"Az államnak minden személyről adatokat kell gyűjtenie az országban, még a tudta nélkül is.","1 - határozottan kell, 2 - valószínűleg kell, 3 - nem kell, 4 - határozottan nem kell, 8 - Nem tudom, 9 - Nem válaszolt",Final answer: 4 - határozottan nem kell,success
Q58,"Kérem figyeljen! Ezek a válaszlehetőségek mindig spontának számítanak, ezért nem találhatók a kártyákon és nem olvassák fel a válaszadónak.",v207,Az államnak adatokat kell gyűjtenie minden személyről az országban.,"1 - határozottan kell, 2 - valószínűleg kell, 3 - nem kell, 4 - határozottan nem kell, 8 - Nem tudom, 9 - Nem válaszolt",Final answer: 4 - határozottan nem kell,success
Q59,"Kérem figyeljen! Ezek a válaszlehetőségek mindig spontának számítanak, ezért nem találhatók a kártyákon és nem olvassák fel a válaszadónak.",v208,Televízió,"1 - minden nap, 2 - hetente többször, 3 - hetente egyszer, 4 - ritkábban, 5 - soha, 8 - Nem tudom, 9 - Nem válaszolt",Final answer: 8,success
Q59,"Kérem figyeljen! Ezek a válaszlehetőségek mindig spontának számítanak, ezért nem találhatók a kártyákon és nem olvassák fel a válaszadónak.",v209,Rádió,"1 - minden nap, 2 - hetente többször, 3 - hetente egyszer, 4 - ritkábban, 5 - soha, 8 - Nem tudom, 9 - Nem válaszolt",Final answer: 4,success
Q59,"Kérem figyeljen! Ezek a válaszlehetőségek mindig spontának számítanak, ezért nem találhatók a kártyákon és nem olvassák fel a válaszadónak.",v210,Napi újságok,"1 - minden nap, 2 - hetente többször, 3 - hetente egyszer, 4 - ritkábban, 5 - soha, 8 - Nem tudom, 9 - Nem válaszolt",Final answer: 2,success
Q59,"Kérem figyeljen! Ezek a válaszlehetőségek mindig spontának számítanak, ezért nem találhatók a kártyákon és nem olvassák fel a válaszadónak.",v211,Társadalmi hálózatok,"1 - minden nap, 2 - hetente többször, 3 - hetente egyszer, 4 - ritkábban, 5 - soha, 8 - Nem tudom, 9 - Nem válaszolt",Final answer: 8,success
Q60,"Kérem figyeljen! Ezek a válaszlehetőségek mindig spontának számítanak, ezért nem találhatók a kártyákon és nem olvassák fel a válaszadónak.",v212,Az Ön szomszédságában élők,"1 - nagyon aggódok, 2 - eléggé aggódok, 3 - mérsékelt mértékben aggódok, 4 - nem túl aggódok, 5 - egyáltalán nem aggódok, 8 - Nem tudom, 9 - Nem válaszolt",Final answer: 5,success
Q60,"Kérem figyeljen! Ezek a válaszlehetőségek mindig spontának számítanak, ezért nem találhatók a kártyákon és nem olvassák fel a válaszadónak.",v213,Az Ön megyéjében élők,"1 - nagyon aggódok, 2 - eléggé aggódok, 3 - mérsékelt mértékben aggódok, 4 - nem túl aggódok, 5 - egyáltalán nem aggódok, 8 - Nem tudom, 9 - Nem válaszolt",Final answer: 1,success
Q60,"Kérem figyeljen! Ezek a válaszlehetőségek mindig spontának számítanak, ezért nem találhatók a kártyákon és nem olvassák fel a válaszadónak.",v214,Az Ön nemzetéhez tartozók,"1 - nagyon aggódok, 2 - eléggé aggódok, 3 - mérsékelt mértékben aggódok, 4 - nem túl aggódok, 5 - egyáltalán nem aggódok, 8 - Nem tudom, 9 - Nem válaszolt",Final answer: 8,success
Q60,"Kérem figyeljen! Ezek a válaszlehetőségek mindig spontának számítanak, ezért nem találhatók a kártyákon és nem olvassák fel a válaszadónak.",v215,Európaiak,"1 - nagyon aggódok, 2 - eléggé aggódok, 3 - mérsékelt mértékben aggódok, 4 - nem túl aggódok, 5 - egyáltalán nem aggódok, 8 - Nem tudom, 9 - Nem válaszolt",Final answer: 1,success
Q60,"Kérem figyeljen! Ezek a válaszlehetőségek mindig spontának számítanak, ezért nem találhatók a kártyákon és nem olvassák fel a válaszadónak.",v216,A világ összes lakója,"1 - nagyon aggódok, 2 - eléggé aggódok, 3 - mérsékelt mértékben aggódok, 4 - nem túl aggódok, 5 - egyáltalán nem aggódok, 8 - Nem tudom, 9 - Nem válaszolt",Final answer: 9,success
Q61,"Kérem figyeljen! Ezek a válaszlehetőségek mindig spontának számítanak, ezért nem találhatók a kártyákon és nem olvassák fel a válaszadónak.",v217,Idősebb emberek,"1 - nagyon aggódok, 2 - eléggé aggódok, 3 - mérsékelt mértékben aggódok, 4 - nem túl aggódok, 5 - egyáltalán nem aggódok, 8 - Nem tudom, 9 - Nem válaszolt",Final answer: 1,success
Q61,"Kérem figyeljen! Ezek a válaszlehetőségek mindig spontának számítanak, ezért nem találhatók a kártyákon és nem olvassák fel a válaszadónak.",v218,Munkanélküli emberek,"1 - nagyon aggódok, 2 - eléggé aggódok, 3 - mérsékelt mértékben aggódok, 4 - nem túl aggódok, 5 - egyáltalán nem aggódok, 8 - Nem tudom, 9 - Nem válaszolt",Final answer: 1,success
Q61,"Kérem figyeljen! Ezek a válaszlehetőségek mindig spontának számítanak, ezért nem találhatók a kártyákon és nem olvassák fel a válaszadónak.",v219,Bevándorlók,"1 - nagyon aggódok, 2 - eléggé aggódok, 3 - mérsékelt mértékben aggódok, 4 - nem túl aggódok, 5 - egyáltalán nem aggódok, 8 - Nem tudom, 9 - Nem válaszolt",Final answer: 8 - Nem tudom,success
Q61,"Kérem figyeljen! Ezek a válaszlehetőségek mindig spontának számítanak, ezért nem találhatók a kártyákon és nem olvassák fel a válaszadónak.",v220,Beteg és fogyatékos emberek,"1 - nagyon aggódok, 2 - eléggé aggódok, 3 - mérsékelt mértékben aggódok, 4 - nem túl aggódok, 5 - egyáltalán nem aggódok, 8 - Nem tudom, 9 - Nem válaszolt","Kérem figyeljen! Ezek a válaszlehetőségek mindig spontának számítanak, ezért nem találhatók a kártyákon és nem olvassák fel a válaszadónak.

Aspekt: v220
Opció: Beteg és fogyatékos emberek
Skala odgovora: 1 - nagyon aggódok, 2 - eléggé aggódok, 3 - mérsékelt mértékben aggódok, 4 - nem túl aggódok, 5 - egyáltalán nem aggódok, 8 - Nem tudom, 9 - Nem válaszolt

Final answer: 1",success
Q62,"Kérem figyeljen! Ezek a válaszlehetőségek mindig spontának számítanak, ezért nem találhatók a kártyákon és nem olvassák fel a válaszadónak.",v221,"Az államnak biztosítania kell az alapvető szükségleteket, mint például élelmet, lakhatást, ruházatot, oktatást és egészségügyi ellátást.","1 - nagyon fontos, 2 - eléggé fontos, 3 - nem túl fontos, 4 - egyáltalán nem fontos, 8 - Nem tudom, 9 - Nem válaszolt",Final answer: 1,success
Q62,"Kérem figyeljen! Ezek a válaszlehetőségek mindig spontának számítanak, ezért nem találhatók a kártyákon és nem olvassák fel a válaszadónak.",v222,Az embereknek jutalmazniuk kell a teljesítményüket.,"1 - nagyon fontos, 2 - eléggé fontos, 3 - nem túl fontos, 4 - egyáltalán nem fontos, 8 - Nem tudom, 9 - Nem válaszolt",Final answer: 1,success
Q62,"Kérem figyeljen! Ezek a válaszlehetőségek mindig spontának számítanak, ezért nem találhatók a kártyákon és nem olvassák fel a válaszadónak.",v223,A terrorizmus elleni védekezés.,"1 - nagyon fontos, 2 - eléggé fontos, 3 - nem túl fontos, 4 - egyáltalán nem fontos, 8 - Nem tudom, 9 - Nem válaszolt",Final answer: 1,success
Q63,Mi a neme?,v225,,"1 - férfi, 2 - nő, 8 - Nem tudom, 9 - Nem válaszolt",Final answer: @8,success
Q64,"Kérem mondja meg, hogy melyik évben született?",v226,,,Final answer: nan,success
Q65,Ön szerb állampolgár?,v227,,"1 - Igen, 2 - Nem, 8 - Nem tudom, 9 - Nem válaszolt",Final answer: 1,success
Q66,"Ön büszke arra, hogy szerb állampolgár?",v228a,,"1 - nagyon büszke, 2 - büszke, 3 - nem túl büszke, 4 - egyáltalán nem büszke, 8 - Nem tudom, 9 - Nem válaszolt",Final answer: 8,success
Q67,Melyik évben érkezett először Szerbiába?,v229,,,Final answer: @@1918@@,success
Q68,Az Ön apja Szerbiában született?,v230,,"1 - Igen, 2 - Nem, 8 - Nem tudom, 9 - Nem válaszolt",Final answer: 8,success
Q69,Melyik országban született az Ön apja?,v231a,,,Final answer: nan,success
Q70,Az Ön anyja Szerbiában született?,v232,,"1 - Igen, 2 - Nem, 8 - Nem tudom, 9 - Nem válaszolt",Final answer: 2,success
Q71,Melyik országban született az Ön anyja?,v233a,,,Final answer: nan,success
Q72,Mi a jelenlegi házassági állapota?,v234,,"1 - házas, 2 - bejegyzett élettársi kapcsolatban, 3 - özvegy, 4 - elvált, 5 - különél, 6 - soha nem házasodott, 8 - Nem tudom, 9 - Nem válaszolt",Final answer: 9,success
Q73,Élt-e már együtt a partnerével a házasság előtt?,v235,,"1 - Igen, 2 - Nem, 8 - Nem tudom, 9 - Nem válaszolt",Final answer: 2,success
Q74,Él-e jelenleg a partnerével?,v236,,"1 - Igen, 2 - Nem, 8 - Nem tudom, 9 - Nem válaszolt",Final answer: 9,success
Q75,Van-e tartós kapcsolata?,v237,,"1 - Igen, 2 - Nem, 8 - Nem tudom, 9 - Nem válaszolt",Final answer: 8,success
Q76,Él-e a szüleivel vagy a partnere szüleivel?,v238,,"1 - Nem, 2 - az apáival/anyjával, 3 - a partnere apjával/anyjával, 4 - mindkét szülővel, 8 - Nem tudom, 9 - Nem válaszolt",Final answer: 4,success
Q77,"Hány gyermeke van? Kérem mondja meg, hányan élnek a háztartásában, és hányan máshol.",v239a,,,Final answer: 3,success
Q77,"Hány gyermeke van? Kérem mondja meg, hányan élnek a háztartásában, és hányan máshol.",v239b,,,Final answer: @@12@@,success
Q78,Hány állandó tagja van a háztartásának?,v240,,,Final answer: nan,success
Q79,Hány éves a legfiatalabb tagja a háztartásának?,v241,,,Final answer: 0,success
Q80,"Melyik évben fejezte be az iskolai tanulmányait, akár iskolában, akár felsőoktatási intézményben? Kérem ne vegye figyelembe a gyakorlati képzéseket.",v242,,,Final answer: @@1999@@,success
