Question Number,Question Text,Response_Scale,Response_Options,Score,Variable_Name
"Q1","Per favore, indica quanto sia importante per te ciascuno dei seguenti aspetti nella tua vita.","1 (molto importante) - 2 (abbastanza importante) - 3 (non importante) - 4 (per niente importante) - 8 (Non so, NS) - 9 (Nessuna risposta, SR)","Lavoro","1","v1"
"Q1","Per favore, indica quanto sia importante per te ciascuno dei seguenti aspetti nella tua vita.","1 (molto importante) - 2 (abbastanza importante) - 3 (non importante) - 4 (per niente importante) - 8 (Non so, NS) - 9 (Nessuna risposta, SR)","Famiglia","1","v2"
"Q1","Per favore, indica quanto sia importante per te ciascuno dei seguenti aspetti nella tua vita.","1 (molto importante) - 2 (abbastanza importante) - 3 (non importante) - 4 (per niente importante) - 8 (Non so, NS) - 9 (Nessuna risposta, SR)","Amici e conoscenti","1","v3"
"Q1","Per favore, indica quanto sia importante per te ciascuno dei seguenti aspetti nella tua vita.","1 (molto importante) - 2 (abbastanza importante) - 3 (non importante) - 4 (per niente importante) - 8 (Non so, NS) - 9 (Nessuna risposta, SR)","Tempo libero","1","v4"
"Q1","Per favore, indica quanto sia importante per te ciascuno dei seguenti aspetti nella tua vita.","1 (molto importante) - 2 (abbastanza importante) - 3 (non importante) - 4 (per niente importante) - 8 (Non so, NS) - 9 (Nessuna risposta, SR)","Politica","1","v5"
"Q1","Per favore, indica quanto sia importante per te ciascuno dei seguenti aspetti nella tua vita.","1 (molto importante) - 2 (abbastanza importante) - 3 (non importante) - 4 (per niente importante) - 8 (Non so, NS) - 9 (Nessuna risposta, SR)","Religione","1","v6"
"Q2","Nella Tua situazione attuale, Lei direbbe di essere:","1 (Molto felice) - 2 (Abbastanza felice) - 3 (Non molto felice) - 4 (Per niente felice) - 8 (Non sa) - 9 (Non risponde)","","1","v7"
"Q3","Tutto sommato, come descriverebbe le Sue condizioni di salute, oggi come oggi? Pensa di stare:","1 (Molto bene) - 2 (Bene) - 3 (Discretamente) - 4 (Male) - 5 (Molto male) - 8 (Non sa) - 9 (Non risponde)","","1","v8"
"Q4","Esamini attentamente la seguente lista di associazioni volontarie: Lei fa parte di qualcuna di queste?","1 (Non menzionato) - 2 (Menzionato) - 8 (NS) - 9 (NR)","Organizzazioni religiose o ecclesiali","1","v9"
"Q4","Esamini attentamente la seguente lista di associazioni volontarie: Lei fa parte di qualcuna di queste?","1 (Non menzionato) - 2 (Menzionato) - 8 (NS) - 9 (NR)","Attività educative, artistiche, musicali o culturali","1","v10"
"Q4","Esamini attentamente la seguente lista di associazioni volontarie: Lei fa parte di qualcuna di queste?","1 (Non menzionato) - 2 (Menzionato) - 8 (NS) - 9 (NR)","Sindacati","1","v11"
"Q4","Esamini attentamente la seguente lista di associazioni volontarie: Lei fa parte di qualcuna di queste?","1 (Non menzionato) - 2 (Menzionato) - 8 (NS) - 9 (NR)","Gruppi o partiti politici","1","v12"
"Q4","Esamini attentamente la seguente lista di associazioni volontarie: Lei fa parte di qualcuna di queste?","1 (Non menzionato) - 2 (Menzionato) - 8 (NS) - 9 (NR)","Associazioni o gruppi per la conservazione della natura, l'ambiente, l'ecologia, i diritti degli animali","1","v13"
"Q4","Esamini attentamente la seguente lista di associazioni volontarie: Lei fa parte di qualcuna di queste?","1 (Non menzionato) - 2 (Menzionato) - 8 (NS) - 9 (NR)","Associazioni professionali","1","v14"
"Q4","Esamini attentamente la seguente lista di associazioni volontarie: Lei fa parte di qualcuna di queste?","1 (Non menzionato) - 2 (Menzionato) - 8 (NS) - 9 (NR)","Associazioni o gruppi sportivi o di attività ricreativa","1","v15"
"Q4","Esamini attentamente la seguente lista di associazioni volontarie: Lei fa parte di qualcuna di queste?","1 (Non menzionato) - 2 (Menzionato) - 8 (NS) - 9 (NR)","Organizzazioni umanitarie o di beneficenza","1","v16"
"Q4","Esamini attentamente la seguente lista di associazioni volontarie: Lei fa parte di qualcuna di queste?","1 (Non menzionato) - 2 (Menzionato) - 8 (NS) - 9 (NR)","Organizzazioni di consumatori","1","v17"
"Q4","Esamini attentamente la seguente lista di associazioni volontarie: Lei fa parte di qualcuna di queste?","1 (Non menzionato) - 2 (Menzionato) - 8 (NS) - 9 (NR)","Gruppi di auto/mutuo aiuto","1","v18"
"Q4","Esamini attentamente la seguente lista di associazioni volontarie: Lei fa parte di qualcuna di queste?","1 (Non menzionato) - 2 (Menzionato) - 8 (NS) - 9 (NR)","Altri gruppi","1","v19"
"Q4","Esamini attentamente la seguente lista di associazioni volontarie: Lei fa parte di qualcuna di queste?","1 (Non menzionato) - 2 (Menzionato) - 8 (NS) - 9 (NR)","Nessuna","1","v20"
"Q5","Ha fatto volontariato negli ultimi 6 mesi?","1 (Sì) - 2 (No) - 8 (Non sa) - 9 (Non risponde)","","1","v21"
"Q6","Su questo cartellino sono elencati diversi tipi di persone. Può indicarmi se c'è qualcuno fra questi che non vorrebbe avere come vicini di casa?","1 (Menzionato) - 2 (Non menzionato) - 8 (NS) - 9 (NR)","Persone di razza diversa","1","v22"
"Q6","Su questo cartellino sono elencati diversi tipi di persone. Può indicarmi se c'è qualcuno fra questi che non vorrebbe avere come vicini di casa?","1 (Menzionato) - 2 (Non menzionato) - 8 (NS) - 9 (NR)","Alcoolisti","1","v23"
"Q6","Su questo cartellino sono elencati diversi tipi di persone. Può indicarmi se c'è qualcuno fra questi che non vorrebbe avere come vicini di casa?","1 (Menzionato) - 2 (Non menzionato) - 8 (NS) - 9 (NR)","Immigrati/lavoratori stranieri (70%)","1","v24"
"Q6","Su questo cartellino sono elencati diversi tipi di persone. Può indicarmi se c'è qualcuno fra questi che non vorrebbe avere come vicini di casa?","1 (Menzionato) - 2 (Non menzionato) - 8 (NS) - 9 (NR)","Lavoratori stranieri (15%)","1","v24"
"Q6","Su questo cartellino sono elencati diversi tipi di persone. Può indicarmi se c'è qualcuno fra questi che non vorrebbe avere come vicini di casa?","1 (Menzionato) - 2 (Non menzionato) - 8 (NS) - 9 (NR)","Immigrati (15%)","1","v24"
"Q6","Su questo cartellino sono elencati diversi tipi di persone. Può indicarmi se c'è qualcuno fra questi che non vorrebbe avere come vicini di casa?","1 (Menzionato) - 2 (Non menzionato) - 8 (NS) - 9 (NR)","Tossicodipendenti","1","v25"
"Q6","Su questo cartellino sono elencati diversi tipi di persone. Può indicarmi se c'è qualcuno fra questi che non vorrebbe avere come vicini di casa?","1 (Menzionato) - 2 (Non menzionato) - 8 (NS) - 9 (NR)","Omosessuali","1","v26"
"Q6","Su questo cartellino sono elencati diversi tipi di persone. Può indicarmi se c'è qualcuno fra questi che non vorrebbe avere come vicini di casa?","1 (Menzionato) - 2 (Non menzionato) - 8 (NS) - 9 (NR)","Musulmani","1","v28"
"Q6","Su questo cartellino sono elencati diversi tipi di persone. Può indicarmi se c'è qualcuno fra questi che non vorrebbe avere come vicini di casa?","1 (Menzionato) - 2 (Non menzionato) - 8 (NS) - 9 (NR)","Ebrei","1","v29"
"Q6","Su questo cartellino sono elencati diversi tipi di persone. Può indicarmi se c'è qualcuno fra questi che non vorrebbe avere come vicini di casa?","1 (Menzionato) - 2 (Non menzionato) - 8 (NS) - 9 (NR)","Zingari","1","v30"
"Q7","In generale Lei direbbe che si può avere fiducia nella maggior parte delle persone o che non si è mai troppo attenti quando si ha a che fare con le persone?","1 (Si può avere fiducia nella maggior parte delle persone) - 2 (Non si è mai troppo attenti quando si ha a che fare con le persone) - 8 (Non sa) - 9 (Non risponde)","","1","v31"
"Q8","Vorrei chiederLe quanto si fida delle persone appartenenti ad alcuni gruppi. Per ciascun gruppo, può dirmi se si fida completamente, abbastanza, poco o non si fida per niente?","1 (Mi fido completamente) - 2 (Mi fido abbastanza) - 3 (Mi fido poco) - 4 (Non mi fido per niente) - 8 (NS) - 9 (NR)","La Sua famiglia","1","v32"
"Q8","Vorrei chiederLe quanto si fida delle persone appartenenti ad alcuni gruppi. Per ciascun gruppo, può dirmi se si fida completamente, abbastanza, poco o non si fida per niente?","1 (Mi fido completamente) - 2 (Mi fido abbastanza) - 3 (Mi fido poco) - 4 (Non mi fido per niente) - 8 (NS) - 9 (NR)","I Suoi vicini di casa","1","v33"
"Q8","Vorrei chiederLe quanto si fida delle persone appartenenti ad alcuni gruppi. Per ciascun gruppo, può dirmi se si fida completamente, abbastanza, poco o non si fida per niente?","1 (Mi fido completamente) - 2 (Mi fido abbastanza) - 3 (Mi fido poco) - 4 (Non mi fido per niente) - 8 (NS) - 9 (NR)","I Suoi conoscenti","1","v34"
"Q8","Vorrei chiederLe quanto si fida delle persone appartenenti ad alcuni gruppi. Per ciascun gruppo, può dirmi se si fida completamente, abbastanza, poco o non si fida per niente?","1 (Mi fido completamente) - 2 (Mi fido abbastanza) - 3 (Mi fido poco) - 4 (Non mi fido per niente) - 8 (NS) - 9 (NR)","Persone che incontra per la prima volta","1","v35"
"Q8","Vorrei chiederLe quanto si fida delle persone appartenenti ad alcuni gruppi. Per ciascun gruppo, può dirmi se si fida completamente, abbastanza, poco o non si fida per niente?","1 (Mi fido completamente) - 2 (Mi fido abbastanza) - 3 (Mi fido poco) - 4 (Non mi fido per niente) - 8 (NS) - 9 (NR)","Persone di altra religione","1","v36"
"Q8","Vorrei chiederLe quanto si fida delle persone appartenenti ad alcuni gruppi. Per ciascun gruppo, può dirmi se si fida completamente, abbastanza, poco o non si fida per niente?","1 (Mi fido completamente) - 2 (Mi fido abbastanza) - 3 (Mi fido poco) - 4 (Non mi fido per niente) - 8 (NS) - 9 (NR)","Persone di altra nazionalità","1","v37"
"Q9","Alcune persone pensano di avere piena libertà di scelta e un controllo totale sulla propria vita, mentre altre pensano che le loro azioni non abbiano alcun effetto reale su quello che succede loro. Usando questa scala, mi direbbe quanta libertà di scelta e quanto controllo pensa di avere sull’andamento della Sua vita?","1 (Per niente) - 2 - 3 - 4 - 5 - 6 - 7 - 8 - 9 - 10 (Moltissimo) - 88 (NS) - 99 (NR)","","1","v38"
"Q10","Tutto sommato, Lei è soddisfatto o insoddisfatto della vita che fa ora? La prego di usare il cartellino per indicare la risposta.","1 (Insoddisfatto) - 2 - 3 - 4 - 5 - 6 - 7 - 8 - 9 - 10 (Soddisfatto) - 88 (NS) - 99 (NR)","","1","v39"
"Q11","Su questo cartellino sono elencati alcuni aspetti del lavoro che le persone giudicano importanti. La prego di leggerli e di dirmi quali aspetti per Lei, personalmente, sono importanti in un lavoro","1 (Non menzionato) - 2 (Menzionato) - 8 (NS) - 9 (NR)","Buon guadagno","1","v40"
"Q11","Su questo cartellino sono elencati alcuni aspetti del lavoro che le persone giudicano importanti. La prego di leggerli e di dirmi quali aspetti per Lei, personalmente, sono importanti in un lavoro","1 (Non menzionato) - 2 (Menzionato) - 8 (NS) - 9 (NR)","Buon orario di lavoro","1","v41"
"Q11","Su questo cartellino sono elencati alcuni aspetti del lavoro che le persone giudicano importanti. La prego di leggerli e di dirmi quali aspetti per Lei, personalmente, sono importanti in un lavoro","1 (Non menzionato) - 2 (Menzionato) - 8 (NS) - 9 (NR)","Possibilità di prendere iniziative","1","v42"
"Q11","Su questo cartellino sono elencati alcuni aspetti del lavoro che le persone giudicano importanti. La prego di leggerli e di dirmi quali aspetti per Lei, personalmente, sono importanti in un lavoro","1 (Non menzionato) - 2 (Menzionato) - 8 (NS) - 9 (NR)","Avere molti giorni di ferie","1","v43"
"Q11","Su questo cartellino sono elencati alcuni aspetti del lavoro che le persone giudicano importanti. La prego di leggerli e di dirmi quali aspetti per Lei, personalmente, sono importanti in un lavoro","1 (Non menzionato) - 2 (Menzionato) - 8 (NS) - 9 (NR)","Un lavoro con il quale si sente di poter realizzare qualcosa","1","v44"
"Q11","Su questo cartellino sono elencati alcuni aspetti del lavoro che le persone giudicano importanti. La prego di leggerli e di dirmi quali aspetti per Lei, personalmente, sono importanti in un lavoro","1 (Non menzionato) - 2 (Menzionato) - 8 (NS) - 9 (NR)","Lavoro di responsabilità","1","v45"
"Q11","Su questo cartellino sono elencati alcuni aspetti del lavoro che le persone giudicano importanti. La prego di leggerli e di dirmi quali aspetti per Lei, personalmente, sono importanti in un lavoro","1 (Non menzionato) - 2 (Menzionato) - 8 (NS) - 9 (NR)","Nessuno","1","v45a"
"Q12","Ha fatto volontariato negli ultimi 6 mesi?","1 (Sì) - 2 (No) - 8 (Non sa) - 9 (Non risponde)","","1","v46"
"Q13","Attualmente Lei si riconosce in una fede religiosa?","1 (Sì) - 2 (No) - 8 (Non sa) - 9 (Non risponde)","","1","v51"
"Q13a","In quale fede religiosa si riconosce?","","","1","v52"
"Q14","In passato si è riconosciuto in una fede religiosa?","1 (Sì) - 2 (No) - 8 (Non sa) - 9 (Non risponde)","","1","v53"
"Q15","Escludendo alcuni riti religiosi come i matrimoni, i funerali e i battesimi, ogni quanto frequenta le funzioni religiose attualmente?","1 (Più di una volta la settimana) - 2 (Una volta la settimana) - 3 (Una volta al mese) - 4 (Solo in specifiche festività religiose) - 5 (Una volta l’anno) - 6 (Meno di una volta l’anno) - 7 (Mai, praticamente mai) - 8 (Non sa) - 9 (Non risponde)","","1","v54"
"Q16","A parte alcuni riti religiosi come i matrimoni, i funerali e i battesimi, ogni quanto frequentava le funzioni religiose quando aveva circa 12 anni di età?","1 (Più di una volta la settimana) - 2 (Una volta la settimana) - 3 (Una volta al mese) - 4 (Solo in specifiche festività religiose) - 5 (Una volta l’anno) - 6 (Meno di una volta l’anno) - 7 (Mai, praticamente mai) - 8 (Non sa) - 9 (Non risponde)","","1","v55"
"Q17","Indipendentemente dal fatto che Lei vada o non vada in chiesa (alla moschea, al tempio…), Lei si considera:","1 (Una persona religiosa) - 2 (Una persona non religiosa) - 3 (Un ateo convinto) - 8 (Non sa) - 9 (Non risponde)","","1","v56"
"Q18","Lei crede che esista…","1 (Dio) - 2 (La vita dopo la morte) - 3 (L'Inferno) - 4 (Il Paradiso) - 8 (Non sa) - 9 (Non risponde)","","1","v57"
"Q19","Lei crede nella reincarnazione, cioè che abbiamo avuto vite precedenti e che nasceremo di nuovo in questo mondo?","1 (Sì) - 2 (No) - 8 (Non sa) - 9 (Non risponde)","","1","v61"
"Q20","Quale di queste affermazioni si avvicina di più alle Sue credenze?","1 (Esiste un Dio che è persona) - 2 (Esiste una qualche forma di spirito o di forza vitale) - 3 (Non so proprio cosa pensare a questo proposito) - 4 (Penso che in realtà non esista alcun tipo di spirito, Dio o forza vitale) - 8 (Non sa) - 9 (Non risponde)","","1","v62"
"Q21","Quanto è importante Dio nella Sua vita? La invito a rispondere utilizzando questa scala, in cui 10 significa molto importante e 1 significa per niente importante","1 (Per niente importante) - 2 - 3 - 4 - 5 - 6 - 7 - 8 - 9 - 10 (Molto importante) - 88 (NS) - 99 (NR)","","1","v63"
"Q22","Con quale frequenza prega al di fuori delle funzioni religiose?","1 (Ogni giorno) - 2 (Più di una volta la settimana) - 3 (Una volta la settimana) - 4 (Almeno una volta al mese) - 5 (Più volte l'anno) - 6 (Meno spesso) - 7 (Mai) - 8 (Non sa) - 9 (Non risponde)","","1","v64"
"Q23","Le mostro un elenco di cose che, secondo alcuni, favoriscono la riuscita di un matrimonio o di una convivenza. Mi dica, per ciascuna, se secondo Lei è molto importante, piuttosto importante o non molto importante.","1 (Molto importante) - 2 (Abbastanza importante) - 3 (Non molto importante) - 8 (NS) - 9 (NR)","Fedeltà","1","v65"
"Q23","Le mostro un elenco di cose che, secondo alcuni, favoriscono la riuscita di un matrimonio o di una convivenza. Mi dica, per ciascuna, se secondo Lei è molto importante, piuttosto importante o non molto importante.","1 (Molto importante) - 2 (Abbastanza importante) - 3 (Non molto importante) - 8 (NS) - 9 (NR)","Reddito adeguato","1","v66"
"Q23","Le mostro un elenco di cose che, secondo alcuni, favoriscono la riuscita di un matrimonio o di una convivenza. Mi dica, per ciascuna, se secondo Lei è molto importante, piuttosto importante o non molto importante.","1 (Molto importante) - 2 (Abbastanza importante) - 3 (Non molto importante) - 8 (NS) - 9 (NR)","Abitazione confortevole","1","v67"
"Q23","Le mostro un elenco di cose che, secondo alcuni, favoriscono la riuscita di un matrimonio o di una convivenza. Mi dica, per ciascuna, se secondo Lei è molto importante, piuttosto importante o non molto importante.","1 (Molto importante) - 2 (Abbastanza importante) - 3 (Non molto importante) - 8 (NS) - 9 (NR)","Condividere i lavori e le faccende di casa","1","v68"
"Q23","Le mostro un elenco di cose che, secondo alcuni, favoriscono la riuscita di un matrimonio o di una convivenza. Mi dica, per ciascuna, se secondo Lei è molto importante, piuttosto importante o non molto importante.","1 (Molto importante) - 2 (Abbastanza importante) - 3 (Non molto importante) - 8 (NS) - 9 (NR)","I figli","1","v69"
"Q23","Le mostro un elenco di cose che, secondo alcuni, favoriscono la riuscita di un matrimonio o di una convivenza. Mi dica, per ciascuna, se secondo Lei è molto importante, piuttosto importante o non molto importante.","1 (Molto importante) - 2 (Abbastanza importante) - 3 (Non molto importante) - 8 (NS) - 9 (NR)","Avere del tempo per i propri amici e per le attività personali o hobby","1","v70"
"Q24","Lei è d’accordo o in disaccordo con la seguente affermazione: “il matrimonio è un’istituzione sorpassata”?","1 (D'accordo) - 2 (In disaccordo) - 8 (Non sa) - 9 (Non risponde)","","1","v71"
"Q25","Potrebbe dirmi se è d’accordo o contrario con ciascuna delle affermazioni che le leggerò? Lei è molto d'accordo, d'accordo, contrario o molto contrario?","1 (Molto d'accordo) - 2 (D'accordo) - 3 (Contrario) - 4 (Molto contrario) - 8 (NS) - 9 (NR)","Quando una madre ha un lavoro, i figli ne soffrono","1","v72"
"Q25","Potrebbe dirmi se è d’accordo o contrario con ciascuna delle affermazioni che le leggerò? Lei è molto d'accordo, d'accordo, contrario o molto contrario?","1 (Molto d'accordo) - 2 (D'accordo) - 3 (Contrario) - 4 (Molto contrario) - 8 (NS) - 9 (NR)","Va bene lavorare, ma ciò che la maggior parte delle donne vuole veramente è una casa e dei figli","1","v73"
"Q25","Potrebbe dirmi se è d’accordo o contrario con ciascuna delle affermazioni che le leggerò? Lei è molto d'accordo, d'accordo, contrario o molto contrario?","1 (Molto d'accordo) - 2 (D'accordo) - 3 (Contrario) - 4 (Molto contrario) - 8 (NS) - 9 (NR)","Nel complesso, se la donna ha un lavoro a tempo pieno, la vita familiare ne risente.","1","v74"
"Q25","Potrebbe dirmi se è d’accordo o contrario con ciascuna delle affermazioni che le leggerò? Lei è molto d'accordo, d'accordo, contrario o molto contrario?","1 (Molto d'accordo) - 2 (D'accordo) - 3 (Contrario) - 4 (Molto contrario) - 8 (NS) - 9 (NR)","Il compito dell'uomo è di guadagnare denaro; il compito della donna è di prendersi cura della casa e della famiglia","1","v75"
"Q25","Potrebbe dirmi se è d’accordo o contrario con ciascuna delle affermazioni che le leggerò? Lei è molto d'accordo, d'accordo, contrario o molto contrario?","1 (Molto d'accordo) - 2 (D'accordo) - 3 (Contrario) - 4 (Molto contrario) - 8 (NS) - 9 (NR)","In generale, gli uomini sono leader politici migliori delle donne.","1","v76"
"Q25","Potrebbe dirmi se è d’accordo o contrario con ciascuna delle affermazioni che le leggerò? Lei è molto d'accordo, d'accordo, contrario o molto contrario?","1 (Molto d'accordo) - 2 (D'accordo) - 3 (Contrario) - 4 (Molto contrario) - 8 (NS) - 9 (NR)","Una formazione universitaria è più importante per un ragazzo che per una ragazza","1","v77"
"Q25","Potrebbe dirmi se è d’accordo o contrario con ciascuna delle affermazioni che le leggerò? Lei è molto d'accordo, d'accordo, contrario o molto contrario?","1 (Molto d'accordo) - 2 (D'accordo) - 3 (Contrario) - 4 (Molto contrario) - 8 (NS) - 9 (NR)","In generale, gli uomini sono dirigenti d'azienda migliori delle donne.","1","v78"
"Q25","Potrebbe dirmi se è d’accordo o contrario con ciascuna delle affermazioni che le leggerò? Lei è molto d'accordo, d'accordo, contrario o molto contrario?","1 (Molto d'accordo) - 2 (D'accordo) - 3 (Contrario) - 4 (Molto contrario) - 8 (NS) - 9 (NR)","Uno degli obiettivi principali della mia vita è stato rendere orgogliosi i miei genitori","1","v79"
"Q26","Potrebbe dirmi se è d’accordo o contrario con ciascuna di queste affermazioni? Lei è molto d'accordo, d'accordo, né d'accordo né contrario, contrario, molto contrario?","1 (Molto d'accordo) - 2 (D'accordo) - 3 (Né d'accordo né contrario) - 4 (Contrario) - 5 (Molto contrario) - 8 (NS) - 9 (NR)","In condizioni di scarsità di lavoro, i datori di lavoro dovrebbero dare la precedenza agli italiani rispetto agli immigrati","1","v80"
"Q26","Potrebbe dirmi se è d’accordo o contrario con ciascuna di queste affermazioni? Lei è molto d'accordo, d'accordo, né d'accordo né contrario, contrario, molto contrario?","1 (Molto d'accordo) - 2 (D'accordo) - 3 (Né d'accordo né contrario) - 4 (Contrario) - 5 (Molto contrario) - 8 (NS) - 9 (NR)","In condizioni di scarsità di lavoro, gli uomini dovrebbero aver maggior diritto a un'occupazione rispetto alle donne","1","v81"
"Q27","In che misura è d’accordo o contrario con le seguenti affermazioni?","1 (Molto d'accordo) - 2 (D'accordo) - 3 (Né d'accordo né contrario) - 4 (Contrario) - 5 (Molto contrario) - 8 (NS) - 9 (NR)","Le coppie omosessuali sono bravi genitori al pari delle altre coppie","1","v82"
"Q27","In che misura è d’accordo o contrario con le seguenti affermazioni?","1 (Molto d'accordo) - 2 (D'accordo) - 3 (Né d'accordo né contrario) - 4 (Contrario) - 5 (Molto contrario) - 8 (NS) - 9 (NR)","Avere figli è un dovere verso la società","1","v83"
"Q27","In che misura è d’accordo o contrario con le seguenti affermazioni?","1 (Molto d'accordo) - 2 (D'accordo) - 3 (Né d'accordo né contrario) - 4 (Contrario) - 5 (Molto contrario) - 8 (NS) - 9 (NR)","È dovere dei figli adulti provvedere all'assistenza a lungo termine dei genitori","1","v84"
"Q28","Questo è un elenco di qualità che i figli possono essere incoraggiati ad imparare in famiglia. Quali sono le cinque qualità più desiderabili in un bambino?","1 (Non menzionato) - 2 (Menzionato) - 8 (NS) - 9 (NR)","Buone maniere","1","v85"
"Q28","Questo è un elenco di qualità che i figli possono essere incoraggiati ad imparare in famiglia. Quali sono le cinque qualità più desiderabili in un bambino?","1 (Non menzionato) - 2 (Menzionato) - 8 (NS) - 9 (NR)","Indipendenza","1","v86"
"Q28","Questo è un elenco di qualità che i figli possono essere incoraggiati ad imparare in famiglia. Quali sono le cinque qualità più desiderabili in un bambino?","1 (Non menzionato) - 2 (Menzionato) - 8 (NS) - 9 (NR)","Capacità di lavorare sodo","1","v87"
"Q28","Questo è un elenco di qualità che i figli possono essere incoraggiati ad imparare in famiglia. Quali sono le cinque qualità più desiderabili in un bambino?","1 (Non menzionato) - 2 (Menzionato) - 8 (NS) - 9 (NR)","Senso di responsabilità","1","v88"
"Q28","Questo è un elenco di qualità che i figli possono essere incoraggiati ad imparare in famiglia. Quali sono le cinque qualità più desiderabili in un bambino?","1 (Non menzionato) - 2 (Menzionato) - 8 (NS) - 9 (NR)","Immaginazione","1","v89"
"Q28","Questo è un elenco di qualità che i figli possono essere incoraggiati ad imparare in famiglia. Quali sono le cinque qualità più desiderabili in un bambino?","1 (Non menzionato) - 2 (Menzionato) - 8 (NS) - 9 (NR)","Tolleranza e rispetto degli altri","1","v90"
"Q28","Questo è un elenco di qualità che i figli possono essere incoraggiati ad imparare in famiglia. Quali sono le cinque qualità più desiderabili in un bambino?","1 (Non menzionato) - 2 (Menzionato) - 8 (NS) - 9 (NR)","Parsimonia, capacità di risparmiare denaro e cose","1","v91"
"Q28","Questo è un elenco di qualità che i figli possono essere incoraggiati ad imparare in famiglia. Quali sono le cinque qualità più desiderabili in un bambino?","1 (Non menzionato) - 2 (Menzionato) - 8 (NS) - 9 (NR)","Determinazione, perseveranza","1","v92"
"Q28","Questo è un elenco di qualità che i figli possono essere incoraggiati ad imparare in famiglia. Quali sono le cinque qualità più desiderabili in un bambino?","1 (Non menzionato) - 2 (Menzionato) - 8 (NS) - 9 (NR)","Fede religiosa","1","v93"
"Q28","Questo è un elenco di qualità che i figli possono essere incoraggiati ad imparare in famiglia. Quali sono le cinque qualità più desiderabili in un bambino?","1 (Non menzionato) - 2 (Menzionato) - 8 (NS) - 9 (NR)","Altruismo","1","v94"
"Q28","Questo è un elenco di qualità che i figli possono essere incoraggiati ad imparare in famiglia. Quali sono le cinque qualità più desiderabili in un bambino?","1 (Non menzionato) - 2 (Menzionato) - 8 (NS) - 9 (NR)","Obbedienza","1","v95"
"Q29","Quanto è interessato alla politica?","1 (Molto interessato) - 2 (Abbastanza interessato) - 3 (Non molto interessato) - 4 (Per niente interessato) - 8 (Non sa) - 9 (Non risponde)","","1","v97"
"Q30","La prego di prestare attenzione a questo cartellino. Le leggerò alcune azioni che una persona può fare per sostenere politicamente le proprie idee. Per ciascuna di esse La invito a dirmi se Lei l’ha già fatta, se pensa di poterla fare, oppure se non la farebbe mai, in nessun caso.","1 (Già fatto) - 2 (Potrei fare) - 3 (Non farei mai) - 8 (NS) - 9 (NR)","Firmare una petizione","1","v98"
"Q30","La prego di prestare attenzione a questo cartellino. Le leggerò alcune azioni che una persona può fare per sostenere politicamente le proprie idee. Per ciascuna di esse La invito a dirmi se Lei l’ha già fatta, se pensa di poterla fare, oppure se non la farebbe mai, in nessun caso.","1 (Già fatto) - 2 (Potrei fare) - 3 (Non farei mai) - 8 (NS) - 9 (NR)","Partecipare a un boicottaggio","1","v99"
"Q30","La prego di prestare attenzione a questo cartellino. Le leggerò alcune azioni che una persona può fare per sostenere politicamente le proprie idee. Per ciascuna di esse La invito a dirmi se Lei l’ha già fatta, se pensa di poterla fare, oppure se non la farebbe mai, in nessun caso.","1 (Già fatto) - 2 (Potrei fare) - 3 (Non farei mai) - 8 (NS) - 9 (NR)","Partecipare a una manifestazione autorizzata","1","v100"
"Q30","La prego di prestare attenzione a questo cartellino. Le leggerò alcune azioni che una persona può fare per sostenere politicamente le proprie idee. Per ciascuna di esse La invito a dirmi se Lei l’ha già fatta, se pensa di poterla fare, oppure se non la farebbe mai, in nessun caso.","1 (Già fatto) - 2 (Potrei fare) - 3 (Non farei mai) - 8 (NS) - 9 (NR)","Partecipare a scioperi non autorizzati","1","v101"
"Q31","In politica di solito si parla di “sinistra” e di “destra”. In generale, Lei dove collocherebbe la Sua posizione politica?","1 (Sinistra) - 2 - 3 - 4 - 5 - 6 - 7 - 8 - 9 - 10 (Destra) - 88 (NS) - 99 (NR)","","1","v102"
"Q32A","Su questo cartellino vi sono alcune opinioni opposte su diversi temi. Dove collocherebbe la Sua posizione su questa scala?","1 (Lo Stato dovrebbe assumersi più responsabilità) - 2 - 3 - 4 - 5 - 6 - 7 - 8 - 9 - 10 (Gli individui dovrebbero assumersi più responsabilità) - 88 (NS) - 99 (NR)","Lo Stato dovrebbe assumersi più responsabilità nel provvedere a ognuno dei suoi cittadini","1","v103"
"Q32B","Su questo cartellino vi sono alcune opinioni opposte su diversi temi. Dove collocherebbe la Sua posizione su questa scala?","1 (Chi è disoccupato dovrebbe accettare qualsiasi impiego disponibile) - 2 - 3 - 4 - 5 - 6 - 7 - 8 - 9 - 10 (Chi è disoccupato dovrebbe avere il diritto di rifiutare un impiego che non desidera senza perdere i sussidi di disoccupazione) - 88 (NS) - 99 (NR)","Chi è disoccupato dovrebbe accettare qualsiasi impiego disponibile","1","v104"
"Q32C","Su questo cartellino vi sono alcune opinioni opposte su diversi temi. Dove collocherebbe la Sua posizione su questa scala?","1 (La competizione è positiva) - 2 - 3 - 4 - 5 - 6 - 7 - 8 - 9 - 10 (La competizione è negativa) - 88 (NS) - 99 (NR)","La competizione è positiva","1","v105"
"Q32D","Su questo cartellino vi sono alcune opinioni opposte su diversi temi. Dove collocherebbe la Sua posizione su questa scala?","1 (Ci dovrebbero essere più incentivi per l’impegno individuale) - 2 - 3 - 4 - 5 - 6 - 7 - 8 - 9 - 10 (Bisognerebbe rendere più uguali i redditi) - 88 (NS) - 99 (NR)","Ci dovrebbero essere più incentivi per l’impegno individuale","1","v106"
"Q32E","Su questo cartellino vi sono alcune opinioni opposte su diversi temi. Dove collocherebbe la Sua posizione su questa scala?","1 (Bisognerebbe aumentare la proprietà privata negli affari e nell’industria) - 2 - 3 - 4 - 5 - 6 - 7 - 8 - 9 - 10 (Bisognerebbe aumentare la proprietà dello Stato negli affari e nell’industria) - 88 (NS) - 99 (NR)","Bisognerebbe aumentare la proprietà privata negli affari e nell’industria","1","v107"
"Q33","A volte le persone parlano di quali dovrebbero essere gli obiettivi dell’Italia per i prossimi dieci anni. Potrebbe dirmi quale di questi obiettivi lei considera personalmente il più importante?","","","1","v108"
"Q33a","E quale sarebbe il secondo in ordine di importanza?","","","1","v109"
"Q34","Se dovesse scegliere, quale delle cose elencate su questo cartellino indicherebbe come la più importante?","","","1","v110"
"Q35","E quale sarebbe la seconda per ordine di importanza?","","","1","v111"
"Q36","Ovviamente tutti speriamo che non scoppi un'altra guerra, ma se così fosse, sarebbe disposto a combattere per il Suo Paese?","1 (Sì) - 2 (No) - 8 (Non sa) - 9 (Non risponde)","","1","v112"
"Q37","Ecco due cambiamenti che potrebbero accadere nel nostro modo di vivere in un prossimo futuro. La prego di dirmi, per ciascuno di questi, se Lei lo considera un bene o un male oppure se per Lei è lo stesso.","1 (Un bene) - 2 (Un male) - 3 (É lo stesso) - 8 (NS) - 9 (NR)","Meno importanza data al lavoro nelle nostre vite","1","v113"
"Q37","Ecco due cambiamenti che potrebbero accadere nel nostro modo di vivere in un prossimo futuro. La prego di dirmi, per ciascuno di questi, se Lei lo considera un bene o un male oppure se per Lei è lo stesso.","1 (Un bene) - 2 (Un male) - 3 (É lo stesso) - 8 (NS) - 9 (NR)","Maggiore rispetto per l'autorità","1","v114"
"Q38","Guardi questo cartellino e mi dica, per ogni istituzione elencata, quanta fiducia Lei ha in essa: molta fiducia, abbastanza fiducia, poca fiducia o nessuna fiducia.","1 (Molta fiducia) - 2 (Abbastanza fiducia) - 3 (Poca fiducia) - 4 (Nessuna fiducia) - 8 (NS) - 9 (NR)","La Chiesa","1","v115"
"Q38","Guardi questo cartellino e mi dica, per ogni istituzione elencata, quanta fiducia Lei ha in essa: molta fiducia, abbastanza fiducia, poca fiducia o nessuna fiducia.","1 (Molta fiducia) - 2 (Abbastanza fiducia) - 3 (Poca fiducia) - 4 (Nessuna fiducia) - 8 (NS) - 9 (NR)","Le forze armate","1","v116"
"Q38","Guardi questo cartellino e mi dica, per ogni istituzione elencata, quanta fiducia Lei ha in essa: molta fiducia, abbastanza fiducia, poca fiducia o nessuna fiducia.","1 (Molta fiducia) - 2 (Abbastanza fiducia) - 3 (Poca fiducia) - 4 (Nessuna fiducia) - 8 (NS) - 9 (NR)","Il sistema scolastico","1","v117"
"Q38","Guardi questo cartellino e mi dica, per ogni istituzione elencata, quanta fiducia Lei ha in essa: molta fiducia, abbastanza fiducia, poca fiducia o nessuna fiducia.","1 (Molta fiducia) - 2 (Abbastanza fiducia) - 3 (Poca fiducia) - 4 (Nessuna fiducia) - 8 (NS) - 9 (NR)","La stampa","1","v118"
"Q38","Guardi questo cartellino e mi dica, per ogni istituzione elencata, quanta fiducia Lei ha in essa: molta fiducia, abbastanza fiducia, poca fiducia o nessuna fiducia.","1 (Molta fiducia) - 2 (Abbastanza fiducia) - 3 (Poca fiducia) - 4 (Nessuna fiducia) - 8 (NS) - 9 (NR)","I sindacati","1","v119"
"Q38","Guardi questo cartellino e mi dica, per ogni istituzione elencata, quanta fiducia Lei ha in essa: molta fiducia, abbastanza fiducia, poca fiducia o nessuna fiducia.","1 (Molta fiducia) - 2 (Abbastanza fiducia) - 3 (Poca fiducia) - 4 (Nessuna fiducia) - 8 (NS) - 9 (NR)","La polizia","1","v120"
"Q38","Guardi questo cartellino e mi dica, per ogni istituzione elencata, quanta fiducia Lei ha in essa: molta fiducia, abbastanza fiducia, poca fiducia o nessuna fiducia.","1 (Molta fiducia) - 2 (Abbastanza fiducia) - 3 (Poca fiducia) - 4 (Nessuna fiducia) - 8 (NS) - 9 (NR)","Il parlamento","1","v121"
"Q38","Guardi questo cartellino e mi dica, per ogni istituzione elencata, quanta fiducia Lei ha in essa: molta fiducia, abbastanza fiducia, poca fiducia o nessuna fiducia.","1 (Molta fiducia) - 2 (Abbastanza fiducia) - 3 (Poca fiducia) - 4 (Nessuna fiducia) - 8 (NS) - 9 (NR)","La pubblica amministrazione","1","v122"
"Q38","Guardi questo cartellino e mi dica, per ogni istituzione elencata, quanta fiducia Lei ha in essa: molta fiducia, abbastanza fiducia, poca fiducia o nessuna fiducia.","1 (Molta fiducia) - 2 (Abbastanza fiducia) - 3 (Poca fiducia) - 4 (Nessuna fiducia) - 8 (NS) - 9 (NR)","Il sistema di previdenza sociale","1","v123"
"Q38","Guardi questo cartellino e mi dica, per ogni istituzione elencata, quanta fiducia Lei ha in essa: molta fiducia, abbastanza fiducia, poca fiducia o nessuna fiducia.","1 (Molta fiducia) - 2 (Abbastanza fiducia) - 3 (Poca fiducia) - 4 (Nessuna fiducia) - 8 (NS) - 9 (NR)","L'Unione Europea","1","v124"
"Q38","Guardi questo cartellino e mi dica, per ogni istituzione elencata, quanta fiducia Lei ha in essa: molta fiducia, abbastanza fiducia, poca fiducia o nessuna fiducia.","1 (Molta fiducia) - 2 (Abbastanza fiducia) - 3 (Poca fiducia) - 4 (Nessuna fiducia) - 8 (NS) - 9 (NR)","L'Organizzazione delle Nazioni Unite (ONU)","1","v125"
"Q38","Guardi questo cartellino e mi dica, per ogni istituzione elencata, quanta fiducia Lei ha in essa: molta fiducia, abbastanza fiducia, poca fiducia o nessuna fiducia.","1 (Molta fiducia) - 2 (Abbastanza fiducia) - 3 (Poca fiducia) - 4 (Nessuna fiducia) - 8 (NS) - 9 (NR)","Il sistema sanitario","1","v126"
"Q38","Guardi questo cartellino e mi dica, per ogni istituzione elencata, quanta fiducia Lei ha in essa: molta fiducia, abbastanza fiducia, poca fiducia o nessuna fiducia.","1 (Molta fiducia) - 2 (Abbastanza fiducia) - 3 (Poca fiducia) - 4 (Nessuna fiducia) - 8 (NS) - 9 (NR)","Il sistema giudiziario","1","v127"
"Q38","Guardi questo cartellino e mi dica, per ogni istituzione elencata, quanta fiducia Lei ha in essa: molta fiducia, abbastanza fiducia, poca fiducia o nessuna fiducia.","1 (Molta fiducia) - 2 (Abbastanza fiducia) - 3 (Poca fiducia) - 4 (Nessuna fiducia) - 8 (NS) - 9 (NR)","Le grandi aziende","1","v128"
"Q38","Guardi questo cartellino e mi dica, per ogni istituzione elencata, quanta fiducia Lei ha in essa: molta fiducia, abbastanza fiducia, poca fiducia o nessuna fiducia.","1 (Molta fiducia) - 2 (Abbastanza fiducia) - 3 (Poca fiducia) - 4 (Nessuna fiducia) - 8 (NS) - 9 (NR)","Le organizzazioni ambientaliste","1","v129"
"Q38","Guardi questo cartellino e mi dica, per ogni istituzione elencata, quanta fiducia Lei ha in essa: molta fiducia, abbastanza fiducia, poca fiducia o nessuna fiducia.","1 (Molta fiducia) - 2 (Abbastanza fiducia) - 3 (Poca fiducia) - 4 (Nessuna fiducia) - 8 (NS) - 9 (NR)","I partiti politici","1","v130"
"Q38","Guardi questo cartellino e mi dica, per ogni istituzione elencata, quanta fiducia Lei ha in essa: molta fiducia, abbastanza fiducia, poca fiducia o nessuna fiducia.","1 (Molta fiducia) - 2 (Abbastanza fiducia) - 3 (Poca fiducia) - 4 (Nessuna fiducia) - 8 (NS) - 9 (NR)","Il governo","1","v131"
"Q38","Guardi questo cartellino e mi dica, per ogni istituzione elencata, quanta fiducia Lei ha in essa: molta fiducia, abbastanza fiducia, poca fiducia o nessuna fiducia.","1 (Molta fiducia) - 2 (Abbastanza fiducia) - 3 (Poca fiducia) - 4 (Nessuna fiducia) - 8 (NS) - 9 (NR)","I social media","1","v132"
"Q39","Molte persone pensano di avere piena libertà di scelta e un controllo totale sulla propria vita, mentre altre pensano che le loro azioni non abbiano alcun effetto reale su quello che succede loro. Usando questa scala, mi direbbe quanta libertà di scelta e quanto controllo pensa di avere sull’andamento della Sua vita?","1 (Per niente) - 2 - 3 - 4 - 5 - 6 - 7 - 8 - 9 - 10 (Moltissimo) - 88 (NS) - 99 (NR)","","1","v38"
"Q40","Quanto è importante per Lei vivere in un paese governato democraticamente? Su questa scala, dove 1 significa per niente importante e 10 significa decisamente importante, quale posizione sceglierebbe?","1 (Per niente importante) - 2 - 3 - 4 - 5 - 6 - 7 - 8 - 9 - 10 (Decisamente importante) - 88 (NS) - 99 (NR)","","1","v142"
"Q41","E quanto democraticamente è governata l’Italia oggi? Usando ancora una scala da 1 a 10, dove 1 significa che è governata in modo per niente democratico e 10 significa che è governata in modo del tutto democratico, che posizione sceglierebbe?","1 (Governata in modo per niente democratico) - 2 - 3 - 4 - 5 - 6 - 7 - 8 - 9 - 10 (Governata in modo del tutto democratico) - 88 (NS) - 99 (NR)","","1","v143"
"Q42","Su una scala da 1 a 10, dove 1 significa per niente soddisfatto e 10 significa completamente soddisfatto, quanto è soddisfatto del modo in cui sta funzionando il sistema politico dell’Italia in questo periodo?","1 (Per niente soddisfatto) - 2 - 3 - 4 - 5 - 6 - 7 - 8 - 9 - 10 (Completamente soddisfatto) - 88 (NS) - 99 (NR)","","1","v144"
"Q43","Le descrivo ora vari modi di governare. Per ciascuno di essi mi dica quanto lo ritiene buono o cattivo per governare l’Italia.","1 (Molto buono) - 2 (Abbastanza buono) - 3 (Abbastanza cattivo) - 4 (Molto cattivo) - 8 (NS) - 9 (NR)","Avere un capo forte che non debba tener conto di parlamento ed elezioni","1","v145"
"Q43","Le descrivo ora vari modi di governare. Per ciascuno di essi mi dica quanto lo ritiene buono o cattivo per governare l’Italia.","1 (Molto buono) - 2 (Abbastanza buono) - 3 (Abbastanza cattivo) - 4 (Molto cattivo) - 8 (NS) - 9 (NR)","Non avere un governo che prende le decisioni, ma degli esperti, che decidono secondo ciò che essi ritengono sia meglio per il Paese","1","v146"
"Q43","Le descrivo ora vari modi di governare. Per ciascuno di essi mi dica quanto lo ritiene buono o cattivo per governare l’Italia.","1 (Molto buono) - 2 (Abbastanza buono) - 3 (Abbastanza cattivo) - 4 (Molto cattivo) - 8 (NS) - 9 (NR)","Far governare il Paese dalle Forze armate","1","v147"
"Q43","Le descrivo ora vari modi di governare. Per ciascuno di essi mi dica quanto lo ritiene buono o cattivo per governare l’Italia.","1 (Molto buono) - 2 (Abbastanza buono) - 3 (Abbastanza cattivo) - 4 (Molto cattivo) - 8 (NS) - 9 (NR)","Avere un sistema politico democratico","1","v148"
"Q44","Potrebbe dirmi se è d’accordo o contrario con ciascuna delle affermazioni? Lei è molto d'accordo, d'accordo, contrario o molto contrario?","1 (Mai giustificato) - 2 - 3 - 4 - 5 - 6 - 7 - 8 - 9 - 10 (Sempre giustificato) - 88 (NS) - 99 (NR)","Cercare di ottenere dallo Stato benefici ai quali non si ha diritto","1","v149"
"Q44","Potrebbe dirmi se è d’accordo o contrario con ciascuna delle affermazioni? Lei è molto d'accordo, d'accordo, contrario o molto contrario?","1 (Mai giustificato) - 2 - 3 - 4 - 5 - 6 - 7 - 8 - 9 - 10 (Sempre giustificato) - 88 (NS) - 99 (NR)","Non pagare le tasse (o pagarle meno del dovuto) se si ha la possibilità","1","v150"
"Q44","Potrebbe dirmi se è d’accordo o contrario con ciascuna delle affermazioni? Lei è molto d'accordo, d'accordo, contrario o molto contrario?","1 (Mai giustificato) - 2 - 3 - 4 - 5 - 6 - 7 - 8 - 9 - 10 (Sempre giustificato) - 88 (NS) - 99 (NR)","Usare marijuana o hashish","1","v151"
"Q44","Potrebbe dirmi se è d’accordo o contrario con ciascuna delle affermazioni? Lei è molto d'accordo, d'accordo, contrario o molto contrario?","1 (Mai giustificato) - 2 - 3 - 4 - 5 - 6 - 7 - 8 - 9 - 10 (Sempre giustificato) - 88 (NS) - 99 (NR)","Accettare una mazzetta nell'adempimento del proprio dovere","1","v152"
"Q44","Potrebbe dirmi se è d’accordo o contrario con ciascuna delle affermazioni? Lei è molto d'accordo, d'accordo, contrario o molto contrario?","1 (Mai giustificato) - 2 - 3 - 4 - 5 - 6 - 7 - 8 - 9 - 10 (Sempre giustificato) - 88 (NS) - 99 (NR)","L'omosessualità","1","v153"
"Q44","Potrebbe dirmi se è d’accordo o contrario con ciascuna delle affermazioni? Lei è molto d'accordo, d'accordo, contrario o molto contrario?","1 (Mai giustificato) - 2 - 3 - 4 - 5 - 6 - 7 - 8 - 9 - 10 (Sempre giustificato) - 88 (NS) - 99 (NR)","L'aborto","1","v154"
"Q44","Potrebbe dirmi se è d’accordo o contrario con ciascuna delle affermazioni? Lei è molto d'accordo, d'accordo, contrario o molto contrario?","1 (Mai giustificato) - 2 - 3 - 4 - 5 - 6 - 7 - 8 - 9 - 10 (Sempre giustificato) - 88 (NS) - 99 (NR)","Il divorzio","1","v155"
"Q44","Potrebbe dirmi se è d’accordo o contrario con ciascuna delle affermazioni? Lei è molto d'accordo, d'accordo, contrario o molto contrario?","1 (Mai giustificato) - 2 - 3 - 4 - 5 - 6 - 7 - 8 - 9 - 10 (Sempre giustificato) - 88 (NS) - 99 (NR)","L'eutanasia","1","v156"
"Q44","Potrebbe dirmi se è d’accordo o contrario con ciascuna delle affermazioni? Lei è molto d'accordo, d'accordo, contrario o molto contrario?","1 (Mai giustificato) - 2 - 3 - 4 - 5 - 6 - 7 - 8 - 9 - 10 (Sempre giustificato) - 88 (NS) - 99 (NR)","Il suicidio","1","v157"
"Q44","Potrebbe dirmi se è d’accordo o contrario con ciascuna delle affermazioni? Lei è molto d'accordo, d'accordo, contrario o molto contrario?","1 (Mai giustificato) - 2 - 3 - 4 - 5 - 6 - 7 - 8 - 9 - 10 (Sempre giustificato) - 88 (NS) - 99 (NR)","Avere relazioni sessuali con partner occasionali","1","v158"
"Q44","Potrebbe dirmi se è d’accordo o contrario con ciascuna delle affermazioni? Lei è molto d'accordo, d'accordo, contrario o molto contrario?","1 (Mai giustificato) - 2 - 3 - 4 - 5 - 6 - 7 - 8 - 9 - 10 (Sempre giustificato) - 88 (NS) - 99 (NR)","Non pagare il biglietto sui mezzi di trasporto","1","v159"
"Q44","Potrebbe dirmi se è d’accordo o contrario con ciascuna delle affermazioni? Lei è molto d'accordo, d'accordo, contrario o molto contrario?","1 (Mai giustificato) - 2 - 3 - 4 - 5 - 6 - 7 - 8 - 9 - 10 (Sempre giustificato) - 88 (NS) - 99 (NR)","La prostituzione","1","v160"
"Q44","Potrebbe dirmi se è d’accordo o contrario con ciascuna delle affermazioni? Lei è molto d'accordo, d'accordo, contrario o molto contrario?","1 (Mai giustificato) - 2 - 3 - 4 - 5 - 6 - 7 - 8 - 9 - 10 (Sempre giustificato) - 88 (NS) - 99 (NR)","L'inseminazione artificiale o la fertilizzazione in provetta","1","v161"
"Q44","Potrebbe dirmi se è d’accordo o contrario con ciascuna delle affermazioni? Lei è molto d'accordo, d'accordo, contrario o molto contrario?","1 (Mai giustificato) - 2 - 3 - 4 - 5 - 6 - 7 - 8 - 9 - 10 (Sempre giustificato) - 88 (NS) - 99 (NR)","La violenza politica","1","v162"
"Q44","Potrebbe dirmi se è d’accordo o contrario con ciascuna delle affermazioni? Lei è molto d'accordo, d'accordo, contrario o molto contrario?","1 (Mai giustificato) - 2 - 3 - 4 - 5 - 6 - 7 - 8 - 9 - 10 (Sempre giustificato) - 88 (NS) - 99 (NR)","La pena di morte","1","v163"
"Q45","A parte alcuni riti religiosi come i matrimoni, i funerali e i battesimi, ogni quanto frequenta le funzioni religiose attualmente?","1 (Molto vicino) - 2 (Vicino) - 3 (Poco vicino) - 4 (Per niente vicino) - 8 (NS) - 9 (NR)","La Sua città o il Suo paese","1","v164"
"Q45","A parte alcuni riti religiosi come i matrimoni, i funerali e i battesimi, ogni quanto frequenta le funzioni religiose attualmente?","1 (Molto vicino) - 2 (Vicino) - 3 (Poco vicino) - 4 (Per niente vicino) - 8 (NS) - 9 (NR)","La Sua regione","1","v165"
"Q45","A parte alcuni riti religiosi come i matrimoni, i funerali e i battesimi, ogni quanto frequenta le funzioni religiose attualmente?","1 (Molto vicino) - 2 (Vicino) - 3 (Poco vicino) - 4 (Per niente vicino) - 8 (NS) - 9 (NR)","L'Italia","1","v166"
"Q45","A parte alcuni riti religiosi come i matrimoni, i funerali e i battesimi, ogni quanto frequenta le funzioni religiose attualmente?","1 (Molto vicino) - 2 (Vicino) - 3 (Poco vicino) - 4 (Per niente vicino) - 8 (NS) - 9 (NR)","L'Europa","1","v167"
"Q45","A parte alcuni riti religiosi come i matrimoni, i funerali e i battesimi, ogni quanto frequenta le funzioni religiose attualmente?","1 (Molto vicino) - 2 (Vicino) - 3 (Poco vicino) - 4 (Per niente vicino) - 8 (NS) - 9 (NR)","Il mondo","1","v168"
"Q46","Lei è cittadino italiano?","1 (Sì) - 2 (No) - 8 (Non sa) - 9 (Non risponde)","","1","v169"
"Q47","Quanto è orgoglioso di essere cittadino italiano?","1 (Molto orgoglioso) - 2 (Abbastanza orgoglioso) - 3 (Non molto orgoglioso) - 4 (Per niente orgoglioso) - 8 (Non sa) - 9 (Non risponde)","","1","v170"
"Q48","Quando si tengono le elezioni, Lei vota sempre, a volte o mai? La prego di dare una risposta per ciascuno dei tipi di elezioni che elencherò.","1 (Sempre) - 2 (A volte) - 3 (Mai) - 8 (NS) - 9 (NR) - 7 (Non ha diritto al voto)","Elezioni locali (regionali o comunali)","1","v171"
"Q48","Quando si tengono le elezioni, Lei vota sempre, a volte o mai? La prego di dare una risposta per ciascuno dei tipi di elezioni che elencherò.","1 (Sempre) - 2 (A volte) - 3 (Mai) - 8 (NS) - 9 (NR) - 7 (Non ha diritto al voto)","Elezioni nazionali","1","v172"
"Q48","Quando si tengono le elezioni, Lei vota sempre, a volte o mai? La prego di dare una risposta per ciascuno dei tipi di elezioni che elencherò.","1 (Sempre) - 2 (A volte) - 3 (Mai) - 8 (NS) - 9 (NR) - 7 (Non ha diritto al voto)","Elezioni europee","1","v173"
"Q49","A quale partito politico si sente più vicino?","","","1","v174"
"Q49a","C'è un altro partito a cui si sente vicino?","","","1","v175"
"Q50","Su questo cartellino vi sono alcune opinioni opposte su diversi temi. Dove collocherebbe la Sua posizione su questa scala?","1 (Lo Stato dovrebbe assumersi più responsabilità) - 2 - 3 - 4 - 5 - 6 - 7 - 8 - 9 - 10 (Gli individui dovrebbero assumersi più responsabilità) - 88 (NS) - 99 (NR)","Lo Stato dovrebbe assumersi più responsabilità nel provvedere a ognuno dei suoi cittadini","1","v103"
"Q50","Su questo cartellino vi sono alcune opinioni opposte su diversi temi. Dove collocherebbe la Sua posizione su questa scala?","1 (Chi è disoccupato dovrebbe accettare qualsiasi impiego disponibile) - 2 - 3 - 4 - 5 - 6 - 7 - 8 - 9 - 10 (Chi è disoccupato dovrebbe avere il diritto di rifiutare un impiego che non desidera senza perdere i sussidi di disoccupazione) - 88 (NS) - 99 (NR)","Chi è disoccupato dovrebbe accettare qualsiasi impiego disponibile","1","v104"
"Q50","Su questo cartellino vi sono alcune opinioni opposte su diversi temi. Dove collocherebbe la Sua posizione su questa scala?","1 (La competizione è positiva) - 2 - 3 - 4 - 5 - 6 - 7 - 8 - 9 - 10 (La competizione è negativa) - 88 (NS) - 99 (NR)","La competizione è positiva","1","v105"
"Q50","Su questo cartellino vi sono alcune opinioni opposte su diversi temi. Dove collocherebbe la Sua posizione su questa scala?","1 (Ci dovrebbero essere più incentivi per l’impegno individuale) - 2 - 3 - 4 - 5 - 6 - 7 - 8 - 9 - 10 (Bisognerebbe rendere più uguali i redditi) - 88 (NS) - 99 (NR)","Ci dovrebbero essere più incentivi per l’impegno individuale","1","v106"
"Q50","Su questo cartellino vi sono alcune opinioni opposte su diversi temi. Dove collocherebbe la Sua posizione su questa scala?","1 (Bisognerebbe aumentare la proprietà privata negli affari e nell’industria) - 2 - 3 - 4 - 5 - 6 - 7 - 8 - 9 - 10 (Bisognerebbe aumentare la proprietà dello Stato negli affari e nell’industria) - 88 (NS) - 99 (NR)","Bisognerebbe aumentare la proprietà privata negli affari e nell’industria","1","v107"
"Q51","Quanto è interessato alla politica?","1 (Molto interessato) - 2 (Abbastanza interessato) - 3 (Non molto interessato) - 4 (Per niente interessato) - 8 (Non sa) - 9 (Non risponde)","","1","v97"
"Q52A","La prego di prestare attenzione a questo cartellino. Le leggerò alcune azioni che una persona può fare per sostenere politicamente le proprie idee. Per ciascuna di esse La invito a dirmi se Lei l’ha già fatta, se pensa di poterla fare, oppure se non la farebbe mai, in nessun caso.","1 (Già fatto) - 2 (Potrei fare) - 3 (Non farei mai) - 8 (NS) - 9 (NR)","Firmare una petizione","1","v98"
"Q52A","La prego di prestare attenzione a questo cartellino. Le leggerò alcune azioni che una persona può fare per sostenere politicamente le proprie idee. Per ciascuna di esse La invito a dirmi se Lei l’ha già fatta, se pensa di poterla fare, oppure se non la farebbe mai, in nessun caso.","1 (Già fatto) - 2 (Potrei fare) - 3 (Non farei mai) - 8 (NS) - 9 (NR)","Partecipare a un boicottaggio","1","v99"
"Q52A","La prego di prestare attenzione a questo cartellino. Le leggerò alcune azioni che una persona può fare per sostenere politicamente le proprie idee. Per ciascuna di esse La invito a dirmi se Lei l’ha già fatta, se pensa di poterla fare, oppure se non la farebbe mai, in nessun caso.","1 (Già fatto) - 2 (Potrei fare) - 3 (Non farei mai) - 8 (NS) - 9 (NR)","Partecipare a una manifestazione autorizzata","1","v100"
"Q52A","La prego di prestare attenzione a questo cartellino. Le leggerò alcune azioni che una persona può fare per sostenere politicamente le proprie idee. Per ciascuna di esse La invito a dirmi se Lei l’ha già fatta, se pensa di poterla fare, oppure se non la farebbe mai, in nessun caso.","1 (Già fatto) - 2 (Potrei fare) - 3 (Non farei mai) - 8 (NS) - 9 (NR)","Partecipare a scioperi non autorizzati","1","v101"
"Q53","Quanto è importante Dio nella Sua vita? La invito a rispondere utilizzando questa scala, in cui 10 significa molto importante e 1 significa per niente importante","1 (Per niente importante) - 2 - 3 - 4 - 5 - 6 - 7 - 8 - 9 - 10 (Molto importante) - 88 (NS) - 99 (NR)","","1","v63"
"Q54","Con quale frequenza prega al di fuori delle funzioni religiose?","1 (Ogni giorno) - 2 (Più di una volta la settimana) - 3 (Una volta la settimana) - 4 (Almeno una volta al mese) - 5 (Più volte l'anno) - 6 (Meno spesso) - 7 (Mai) - 8 (Non sa) - 9 (Non risponde)","","1","v64"
"Q55","Quanto è importante per Lei vivere in un paese governato democraticamente? Su questa scala, dove 1 significa per niente importante e 10 significa decisamente importante, quale posizione sceglierebbe?","1 (Per niente importante) - 2 - 3 - 4 - 5 - 6 - 7 - 8 - 9 - 10 (Decisamente importante) - 88 (NS) - 99 (NR)","","1","v142"
"Q56","E quanto democraticamente è governata l’Italia oggi? Usando ancora una scala da 1 a 10, dove 1 significa che è governata in modo per niente democratico e 10 significa che è governata in modo del tutto democratico, che posizione sceglierebbe?","1 (Governata in modo per niente democratico) - 2 - 3 - 4 - 5 - 6 - 7 - 8 - 9 - 10 (Governata in modo del tutto democratico) - 88 (NS) - 99 (NR)","","1","v143"
"Q57","Su una scala da 1 a 10, dove 1 significa per niente soddisfatto e 10 significa completamente soddisfatto, quanto è soddisfatto del modo in cui sta funzionando il sistema politico dell’Italia in questo periodo?","1 (Per niente soddisfatto) - 2 - 3 - 4 - 5 - 6 - 7 - 8 - 9 - 10 (Completamente soddisfatto) - 88 (NS) - 99 (NR)","","1","v144"
"Q58","Le descrivo ora vari modi di governare. Per ciascuno di essi mi dica quanto lo ritiene buono o cattivo per governare l’Italia.","1 (Molto buono) - 2 (Abbastanza buono) - 3 (Abbastanza cattivo) - 4 (Molto cattivo) - 8 (NS) - 9 (NR)","Avere un capo forte che non debba tener conto di parlamento ed elezioni","1","v145"
"Q58","Le descrivo ora vari modi di governare. Per ciascuno di essi mi dica quanto lo ritiene buono o cattivo per governare l’Italia.","1 (Molto buono) - 2 (Abbastanza buono) - 3 (Abbastanza cattivo) - 4 (Molto cattivo) - 8 (NS) - 9 (NR)","Non avere un governo che prende le decisioni, ma degli esperti, che decidono secondo ciò che essi ritengono sia meglio per il Paese","1","v146"
"Q58","Le descrivo ora vari modi di governare. Per ciascuno di essi mi dica quanto lo ritiene buono o cattivo per governare l’Italia.","1 (Molto buono) - 2 (Abbastanza buono) - 3 (Abbastanza cattivo) - 4 (Molto cattivo) - 8 (NS) - 9 (NR)","Far governare il Paese dalle Forze armate","1","v147"
"Q58","Le descrivo ora vari modi di governare. Per ciascuno di essi mi dica quanto lo ritiene buono o cattivo per governare l’Italia.","1 (Molto buono) - 2 (Abbastanza buono) - 3 (Abbastanza cattivo) - 4 (Molto cattivo) - 8 (NS) - 9 (NR)","Avere un sistema politico democratico","1","v148"
"Q59","Quanto è interessato alla politica?","1 (Molto interessato) - 2 (Abbastanza interessato) - 3 (Non molto interessato) - 4 (Per niente interessato) - 8 (Non sa) - 9 (Non risponde)","","1","v97"
"Q60","In che misura si sente interessato alle condizioni di vita:","1 (In qualche misura) - 2 (Molto) - 3 (Poco) - 4 (Per niente) - 8 (NS) - 9 (NR)","Della gente del Suo vicinato","1","v212"
"Q60","In che misura si sente interessato alle condizioni di vita:","1 (In qualche misura) - 2 (Molto) - 3 (Poco) - 4 (Per niente) - 8 (NS) - 9 (NR)","Della gente della regione nella quale Lei vive","1","v213"
"Q60","In che misura si sente interessato alle condizioni di vita:","1 (In qualche misura) - 2 (Molto) - 3 (Poco) - 4 (Per niente) - 8 (NS) - 9 (NR)","Dei Suoi connazionali","1","v214"
"Q60","In che misura si sente interessato alle condizioni di vita:","1 (In qualche misura) - 2 (Molto) - 3 (Poco) - 4 (Per niente) - 8 (NS) - 9 (NR)","Degli europei","1","v215"
"Q60","In che misura si sente interessato alle condizioni di vita:","1 (In qualche misura) - 2 (Molto) - 3 (Poco) - 4 (Per niente) - 8 (NS) - 9 (NR)","Di tutto il genere umano","1","v216"
"Q61","In che misura si sente interessato alle condizioni di vita dei seguenti gruppi di persone che vivono in Italia?","1 (Molto) - 2 (Abbastanza) - 3 (In qualche misura) - 4 (Poco) - 5 (Per niente) - 8 (NS) - 9 (NR)","Anziani","1","v217"
"Q61","In che misura si sente interessato alle condizioni di vita dei seguenti gruppi di persone che vivono in Italia?","1 (Molto) - 2 (Abbastanza) - 3 (In qualche misura) - 4 (Poco) - 5 (Per niente) - 8 (NS) - 9 (NR)","Disoccupati","1","v218"
"Q61","In che misura si sente interessato alle condizioni di vita dei seguenti gruppi di persone che vivono in Italia?","1 (Molto) - 2 (Abbastanza) - 3 (In qualche misura) - 4 (Poco) - 5 (Per niente) - 8 (NS) - 9 (NR)","Immigrati","1","v219"
"Q61","In che misura si sente interessato alle condizioni di vita dei seguenti gruppi di persone che vivono in Italia?","1 (Molto) - 2 (Abbastanza) - 3 (In qualche misura) - 4 (Poco) - 5 (Per niente) - 8 (NS) - 9 (NR)","Malati e disabili","1","v220"
"Q62","Le descrivo ora vari modi di governare. Per ciascuno di essi mi dica quanto lo ritiene buono o cattivo per governare l’Italia.","1 (Molto importante) - 2 (Abbastanza importante) - 3 (Non importante) - 4 (Per niente importante) - 8 (NS) - 9 (NR)","All'eliminazione delle grandi disuguaglianze di reddito fra i cittadini","1","v221"
"Q62","Le descrivo ora vari modi di governare. Per ciascuno di essi mi dica quanto lo ritiene buono o cattivo per governare l’Italia.","1 (Molto importante) - 2 (Abbastanza importante) - 3 (Non importante) - 4 (Per niente importante) - 8 (NS) - 9 (NR)","Alla soddisfazione garantita dei bisogni di base per tutti gli abitanti: cibo, casa, vestiti, istruzione, salute","1","v222"
"Q62","Le descrivo ora vari modi di governare. Per ciascuno di essi mi dica quanto lo ritiene buono o cattivo per governare l’Italia.","1 (Molto importante) - 2 (Abbastanza importante) - 3 (Non importante) - 4 (Per niente importante) - 8 (NS) - 9 (NR)","Avere del tempo per i propri amici e per le attività personali o hobby","1","v223"
"Q62","Le descrivo ora vari modi di governare. Per ciascuno di essi mi dica quanto lo ritiene buono o cattivo per governare l’Italia.","1 (Molto importante) - 2 (Abbastanza importante) - 3 (Non importante) - 4 (Per niente importante) - 8 (NS) - 9 (NR)","Alla protezione dal terrorismo","1","v224"
"Q63","Sesso dell'intervistato","1 (Maschio) - 2 (Femmina) - 8 (Non sa) - 9 (Non risponde)","","1","v225"
"Q64","Può dirmi, per favore, il Suo anno di nascita?","","","1","v226"
"Q65","È nato/a in Italia?","1 (Sì) - 2 (No) - 8 (Non sa) - 9 (Non risponde)","","1","v227"
"Q66","In quale Stato è nato/a?","","","1","v228a"
"Q67","Quando è venuto/a per la prima volta a vivere in Italia?","","","1","v229"
"Q68","Suo padre è nato in Italia?","1 (Sì) - 2 (No) - 8 (Non sa) - 9 (Non risponde)","","1","v230"
"Q69","In quale Stato è nato Suo padre?","","","1","v231a"
"Q70","Sua madre è nata in Italia?","1 (Sì) - 2 (No) - 8 (Non sa) - 9 (Non risponde)","","1","v232"
"Q71","In quale Stato è nata Sua madre?","","","1","v233a"
"Q72","Qual è attualmente il Suo stato civile?","1 (Coniugato/a) - 2 (Unito/a civilmente) - 3 (Vedovo/a) - 4 (Divorziato/a) - 5 (Separato/a) - 6 (Celibe/nubile) - 8 (Non sa) - 9 (Non risponde)","","1","v234"
"Q73","Ha convissuto con il Suo partner prima del matrimonio o dell'unione civile?","1 (Sì) - 2 (No) - 8 (Non sa) - 9 (Non risponde)","","1","v235"
"Q74","Convive con un partner?","1 (Sì) - 2 (No) - 8 (Non sa) - 9 (Non risponde)","","1","v236"
"Q75","Ha una relazione stabile di coppia?","1 (Sì) - 2 (No) - 8 (Non sa) - 9 (Non risponde)","","1","v237"
"Q76","Vive con i Suoi genitori o con i Suoi suoceri?","1 (No) - 2 (Sì, con uno o entrambi i genitori) - 3 (Sì, con uno o entrambi i suoceri) - 4 (Sì, con uno o entrambi i suoceri e i genitori) - 8 (Non sa) - 9 (Non risponde)","","1","v238"
"Q77","Quanti figli ha? Mi dica per favore quanti vivono a casa con Lei e quanti vivono da un'altra parte:","","","1","v239a"
"Q77","Quanti figli ha? Mi dica per favore quanti vivono a casa con Lei e quanti vivono da un'altra parte:","","","1","v239b"
"Q78","Incluso Lei, quante persone (bambini compresi) vivono qui regolarmente come membri del nucleo familiare?","","","1","v240"
"Q79","Quanti anni ha la persona più giovane tra coloro (bambini compresi) che vivono qui regolarmente come membri del nucleo familiare?","","","1","v241"