"Question Number","Question Text","Response_Scale","Response_Options","Card_Number","Variable_Name"
"Q1","Kérem mondja meg, hogy a következők mennyire fontosak az Ön életében?","1 - nagyon fontos, 2 - elég fontos, 3 - nem fontos, 4 - egyáltalán nem fontos, 8 - Nem tudom, 9 - Nem válaszolt","Munka","1","v1"
"Q1","Kérem mondja meg, hogy a következők mennyire fontosak az Ön életében?","1 - nagyon fontos, 2 - elég fontos, 3 - nem fontos, 4 - egyáltalán nem fontos, 8 - Nem tudom, 9 - Nem válaszolt","Család","1","v2"
"Q1","Kérem mondja meg, hogy a következők mennyire fontosak az Ön életében?","1 - nagyon fontos, 2 - elég fontos, 3 - nem fontos, 4 - egyáltalán nem fontos, 8 - Nem tudom, 9 - Nem válaszolt","Barátok és ismerősök","1","v3"
"Q1","Kérem mondja meg, hogy a következők mennyire fontosak az Ön életében?","1 - nagyon fontos, 2 - elég fontos, 3 - nem fontos, 4 - egyáltalán nem fontos, 8 - Nem tudom, 9 - Nem válaszolt","Szabadidő","1","v4"
"Q1","Kérem mondja meg, hogy a következők mennyire fontosak az Ön életében?","1 - nagyon fontos, 2 - elég fontos, 3 - nem fontos, 4 - egyáltalán nem fontos, 8 - Nem tudom, 9 - Nem válaszolt","Politika","1","v5"
"Q1","Kérem mondja meg, hogy a következők mennyire fontosak az Ön életében?","1 - nagyon fontos, 2 - elég fontos, 3 - nem fontos, 4 - egyáltalán nem fontos, 8 - Nem tudom, 9 - Nem válaszolt","Vallás","1","v6"
"Q2","Mindent összevetve, mit mondana magáról, Ön","1 - nagyon boldog, 2 - meglehetősen boldog, 3 - nem nagyon boldog, 4 - egyáltalán nem boldog, 8 - Nem tudja, 9 - Nincs válasz","","2","v7"
"Q3","Mindent egybevetve, hogyan tudná Ön a mostani egészségi állapotát jellemezni? Azt mondaná, hogy:","1 - nagyon jó, 2 - jó, 3 - Elég jó, elfogadható, 4 - nem nagyon jó, 5 - nagyon rossz, 8 - Nem tudja, 9 - Nincs válasz","","3","v8"
"Q4","Mindent összevetve, hogyan tudná Ön a mostani egészségi állapotát jellemezni? Azt mondaná, hogy:","nem említette, NV, NT","A Vallási vagy egyházi szervezetek","4","v9"
"Q4","Mindent összevetve, hogyan tudná Ön a mostani egészségi állapotát jellemezni? Azt mondaná, hogy:","nem említette, NV, NT","B Oktatási, művészeti, zenei vagy kulturális tevékenység","4","v10"
"Q4","Mindent összevetve, hogyan tudná Ön a mostani egészségi állapotát jellemezni? Azt mondaná, hogy:","nem említette, NV, NT","C Szakszervezet","4","v11"
"Q4","Mindent összevetve, hogyan tudná Ön a mostani egészségi állapotát jellemezni? Azt mondaná, hogy:","nem említette, NV, NT","D Politikai párt vagy csoport","4","v12"
"Q4","Mindent összevetve, hogyan tudná Ön a mostani egészségi állapotát jellemezni? Azt mondaná, hogy:","nem említette, NV, NT","E Környezetvédelem, az élővilág megőrzése, állatok jogai","4","v13"
"Q4","Mindent összevetve, hogyan tudná Ön a mostani egészségi állapotát jellemezni? Azt mondaná, hogy:","nem említette, NV, NT","F Szakmai szervezet","4","v14"
"Q4","Mindent összevetve, hogyan tudná Ön a mostani egészségi állapotát jellemezni? Azt mondaná, hogy:","nem említette, NV, NT","G Sport vagy aktív pihenés","4","v15"
"Q4","Mindent összevetve, hogyan tudná Ön a mostani egészségi állapotát jellemezni? Azt mondaná, hogy:","nem említette, NV, NT","H Humanitárius vagy jótékonysági szervezet","4","v16"
"Q4","Mindent összevetve, hogyan tudná Ön a mostani egészségi állapotát jellemezni? Azt mondaná, hogy:","nem említette, NV, NT","I Fogyasztói érdekvédelmi szervezet","4","v17"
"Q4","Mindent összevetve, hogyan tudná Ön a mostani egészségi állapotát jellemezni? Azt mondaná, hogy:","nem említette, NV, NT","J Önsegítő csoport, kölcsönös segítségnyújtásra irányuló csoport","4","v18"
"Q4","Mindent összevetve, hogyan tudná Ön a mostani egészségi állapotát jellemezni? Azt mondaná, hogy:","nem említette, NV, NT","K Más csoportok","4","v19"
"Q4","Mindent összevetve, hogyan tudná Ön a mostani egészségi állapotát jellemezni? Azt mondaná, hogy:","nem említette, NV, NT","L Egyik sem","4","v20"
"Q5","Végzett-e önkéntes munkát az elmúlt hat hónapban?","1 - igen, 2 - nem, 8 - Nem tudja, 9 - Nincs válasz","","v21"
"Q6","Ezen a listán különböző típusú emberek vannak. Ki tudná választani azokat, akiket Ön nem szeretne szomszédainak, ha vannak ilyenek?","említette, nem említette, NT, NV","A Más fajhoz tartozó emberek","6","v22"
"Q6","Ezen a listán különböző típusú emberek vannak. Ki tudná választani azokat, akiket Ön nem szeretne szomszédainak, ha vannak ilyenek?","említette, nem említette, NT, NV","B Erősen iszákosak","6","v23"
"Q6","Ezen a listán különböző típusú emberek vannak. Ki tudná választani azokat, akiket Ön nem szeretne szomszédainak, ha vannak ilyenek?","említette, nem említette, NT, NV","C Bevándorlók, külföldi vendégmunkások","6","v24"
"Q6","Ezen a listán különböző típusú emberek vannak. Ki tudná választani azokat, akiket Ön nem szeretne szomszédainak, ha vannak ilyenek?","említette, nem említette, NT, NV","D Kábítószeresek","6","v25"
"Q6","Ezen a listán különböző típusú emberek vannak. Ki tudná választani azokat, akiket Ön nem szeretne szomszédainak, ha vannak ilyenek?","említette, nem említette, NT, NV","E Homoszexuálisok","6","v26"
"Q6","Ezen a listán különböző típusú emberek vannak. Ki tudná választani azokat, akiket Ön nem szeretne szomszédainak, ha vannak ilyenek?","említette, nem említette, NT, NV","F Keresztények","6","v27"
"Q6","Ezen a listán különböző típusú emberek vannak. Ki tudná választani azokat, akiket Ön nem szeretne szomszédainak, ha vannak ilyenek?","említette, nem említette, NT, NV","G Muzulmánok","6","v28"
"Q6","Ezen a listán különböző típusú emberek vannak. Ki tudná választani azokat, akiket Ön nem szeretne szomszédainak, ha vannak ilyenek?","említette, nem említette, NT, NV","H Zsidók","6","v29"
"Q6","Ezen a listán különböző típusú emberek vannak. Ki tudná választani azokat, akiket Ön nem szeretne szomszédainak, ha vannak ilyenek?","említette, nem említette, NT, NV","I Cigányok","6","v30"
"Q7","Általában véve hogyan vélekedik inkább: a legtöbb emberben meg lehet bízni, vagy az ember nem lehet elég óvatos másokkal szemben?","1 - a legtöbb emberben meg lehet bízni, 2 - az ember nem lehet elég óvatos, 8 - Nem tudja, 9 - Nincs válasz","","v31"
"Q8","Most arról szeretném kérdezni, hogy mennyire bízik meg különböző csoportokhoz tartozó emberekben. Kérem, mindegyikre mondja meg, hogy teljesen, valamennyire, nem nagyon, vagy egyáltalán nem bízik-e meg az ezekhez a csoportokhoz tartozó emberekben.","Teljesen megbízik, Valamennyire megbízik, Nem nagyon bízik meg, Egyáltalán nem bízik meg, NT, NV","Családjában","8","v32"
"Q8","Most arról szeretném kérdezni, hogy mennyire bízik meg különböző csoportokhoz tartozó emberekben. Kérem, mindegyikre mondja meg, hogy teljesen, valamennyire, nem nagyon, vagy egyáltalán nem bízik-e meg az ezekhez a csoportokhoz tartozó emberekben.","Teljesen megbízik, Valamennyire megbízik, Nem nagyon bízik meg, Egyáltalán nem bízik meg, NT, NV","A szomszédságában élő emberekben","8","v33"
"Q8","Most arról szeretném kérdezni, hogy mennyire bízik meg különböző csoportokhoz tartozó emberekben. Kérem, mindegyikre mondja meg, hogy teljesen, valamennyire, nem nagyon, vagy egyáltalán nem bízik-e meg az ezekhez a csoportokhoz tartozó emberekben.","Teljesen megbízik, Valamennyire megbízik, Nem nagyon bízik meg, Egyáltalán nem bízik meg, NT, NV","Azokban az emberekben, akiket személyesen ismer","8","v34"
"Q8","Most arról szeretném kérdezni, hogy mennyire bízik meg különböző csoportokhoz tartozó emberekben. Kérem, mindegyikre mondja meg, hogy teljesen, valamennyire, nem nagyon, vagy egyáltalán nem bízik-e meg az ezekhez a csoportokhoz tartozó emberekben.","Teljesen megbízik, Valamennyire megbízik, Nem nagyon bízik meg, Egyáltalán nem bízik meg, NT, NV","Azokban az emberekben, akiket először lát","8","v35"
"Q8","Most arról szeretném kérdezni, hogy mennyire bízik meg különböző csoportokhoz tartozó emberekben. Kérem, mindegyikre mondja meg, hogy teljesen, valamennyire, nem nagyon, vagy egyáltalán nem bízik-e meg az ezekhez a csoportokhoz tartozó emberekben.","Teljesen megbízik, Valamennyire megbízik, Nem nagyon bízik meg, Egyáltalán nem bízik meg, NT, NV","Más vallású emberekben","8","v36"
"Q8","Most arról szeretném kérdezni, hogy mennyire bízik meg különböző csoportokhoz tartozó emberekben. Kérem, mindegyikre mondja meg, hogy teljesen, valamennyire, nem nagyon, vagy egyáltalán nem bízik-e meg az ezekhez a csoportokhoz tartozó emberekben.","Teljesen megbízik, Valamennyire megbízik, Nem nagyon bízik meg, Egyáltalán nem bízik meg, NT, NV","Más nemzetiségű emberekben","8","v37"
"Q9","Egyes emberek úgy érzik, hogy teljesen szabadon határozzák meg életüket, mások viszont úgy érzik, hogy semmi befolyásuk sincs sorsuk alakítására. Kérem a skála segítségével mondja meg, hogy Ön szerint mekkora befolyása van arra, hogy miként alakul az élete?","nagyon, semmi, nagy","","9","v38"
"Q10","Mindent egybevetve, összességében mennyire elégedett jelenlegi életével? Kérem, használja ezt a kártyát a válaszadásban!","elégedetlen, elégedett","","10","v39"
"Q11","Most felsorolok néhány szempontot, amit az emberek a munkahelyükkel kapcsolatban fontosnak tartanak. Kérem, nézze végig őket és mondja meg, hogy Ön személy szerint miket tart fontosnak a munkahellyel kapcsolatban?","nem említette, NT, NV","A Jó fizetés","11","v40"
"Q11","Most felsorolok néhány szempontot, amit az emberek a munkahelyükkel kapcsolatban fontosnak tartanak. Kérem, nézze végig őket és mondja meg, hogy Ön személy szerint miket tart fontosnak a munkahellyel kapcsolatban?","nem említette, NT, NV","B Jó időbeosztás","11","v41"
"Q11","Most felsorolok néhány szempontot, amit az emberek a munkahelyükkel kapcsolatban fontosnak tartanak. Kérem, nézze végig őket és mondja meg, hogy Ön személy szerint miket tart fontosnak a munkahellyel kapcsolatban?","nem említette, NT, NV","C Kezdeményezési lehetőségek","11","v42"
"Q11","Most felsorolok néhány szempontot, amit az emberek a munkahelyükkel kapcsolatban fontosnak tartanak. Kérem, nézze végig őket és mondja meg, hogy Ön személy szerint miket tart fontosnak a munkahellyel kapcsolatban?","nem említette, NT, NV","D Hosszú szabadság","11","v43"
"Q11","Most felsorolok néhány szempontot, amit az emberek a munkahelyükkel kapcsolatban fontosnak tartanak. Kérem, nézze végig őket és mondja meg, hogy Ön személy szerint miket tart fontosnak a munkahellyel kapcsolatban?","nem említette, NT, NV","E Olyan munka, amelyben az ember érzi, hogy megvalósíthat valamit","11","v44"
"Q11","Most felsorolok néhány szempontot, amit az emberek a munkahelyükkel kapcsolatban fontosnak tartanak. Kérem, nézze végig őket és mondja meg, hogy Ön személy szerint miket tart fontosnak a munkahellyel kapcsolatban?","nem említette, NT, NV","F Felelősségteljes munka","11","v45"
"Q11","Most felsorolok néhány szempontot, amit az emberek a munkahelyükkel kapcsolatban fontosnak tartanak. Kérem, nézze végig őket és mondja meg, hogy Ön személy szerint miket tart fontosnak a munkahellyel kapcsolatban?","nem említette, NT, NV","G Egyik sem","11","v45a"
"Q12","Ön egyetért, vagy nem ért egyet a következő kijelentésekkel?","Nem ért egyet, de nincs ellenvéleménye sem, Nem ért egyet, Egyáltalán nem ért egyet","Ahhoz, hogy adottságait teljesen kibontakoztassa, kell hogy legyen valamilyen munkája","12","v46"
"Q12","Ön egyetért, vagy nem ért egyet a következő kijelentésekkel?","Nem ért egyet, de nincs ellenvéleménye sem, Nem ért egyet, Egyáltalán nem ért egyet","Megalázó dolog pénzt kapni, ha az ember nem dolgozott meg érte","12","v47"
"Q12","Ön egyetért, vagy nem ért egyet a következő kijelentésekkel?","Nem ért egyet, de nincs ellenvéleménye sem, Nem ért egyet, Egyáltalán nem ért egyet","Akik nem dolgoznak, ellustulnak","12","v48"
"Q12","Ön egyetért, vagy nem ért egyet a következő kijelentésekkel?","Nem ért egyet, de nincs ellenvéleménye sem, Nem ért egyet, Egyáltalán nem ért egyet","A munka a társadalommal szembeni kötelesség","12","v49"
"Q12","Ön egyetért, vagy nem ért egyet a következő kijelentésekkel?","Nem ért egyet, de nincs ellenvéleménye sem, Nem ért egyet, Egyáltalán nem ért egyet","Az első helyen mindig a munka áll, még akkor is, ha emiatt kevesebb szabad idő marad","12","v50"
"Q13","Tartozik-e Ön valamilyen vallási felekezethez?","1 - igen, 2 - nem, 8 - Nem tudja, 9 - Nincs válasz","","v51"
"Q13a","Melyikhez?","Római Katolikus, Görög katolikus, örmény katolikus, Református, kálvinista, Evangélikus, lutheránus, Baptista, Ortodox, görög keleti, pravoszláv, Izraelita, zsidó, Hit Gyülekezete, Jehova tanúi, Krisna-tudatú hívők, Egyéb","","v52"
"Q14","Tartozott-e valaha valamilyen vallási felekezethez?","1 - igen, 2 - nem, 8 - Nem tudja, 9 - Nincs válasz","","v53"
"Q15","Amikor 12 éves volt, esküvőktől, temetésektől és keresztelőktől eltekintve, milyen gyakran szokott részt venni vallási szertartáson?","hetente többször, hetente, havonta, csak bizonyos ünnepekkor, évente, ritkábban, soha, gyakorlatilag soha, 8 - Nem tudja, 9 - Nincs válasz","","v54"
"Q16","Amikor 12 éves volt, esküvőktől, temetésektől és keresztelőktől eltekintve, milyen gyakran szokott részt venni vallási szertartáson?","hetente többször, hetente, havonta, csak bizonyos ünnepekkor, évente, ritkábban, soha, gyakorlatilag soha, 8 - Nem tudja, 9 - Nincs válasz","","v55"
"Q17","Függetlenül attól, hogy jár-e templomba vagy sem, mit mondana magáról, Ön …","vallásos ember, nem vallásos ember, meggyőződéses ateista, 8 - Nem tudja, 9 - Nincs válasz","","v56"
"Q18","Az alábbiak közül miben hisz Ön és miben nem hisz?","igen, nem, NT, NV","Isten","","v57"
"Q18","Az alábbiak közül miben hisz Ön és miben nem hisz?","igen, nem, NT, NV","A halál utáni élet","","v58"
"Q18","Az alábbiak közül miben hisz Ön és miben nem hisz?","igen, nem, NT, NV","Pokol","","v59"
"Q18","Az alábbiak közül miben hisz Ön és miben nem hisz?","igen, nem, NT, NV","Mennyország","","v60"
"Q19","Hisz-e Ön a reinkarnációban, azaz abban, hogy voltak előző életeink, és itt a Földön újra meg fogunk születni?","1 - igen, 2 - nem, 8 - Nem tudja, 9 - Nincs válasz","","v61"
"Q20","Ezen a kártyán különböző állításokat lát. Melyik áll a legközelebb az Ön hitéhez?","Létezik egy Isten, mint személy, Van valamilyen szellemi lény vagy életerő, Nem valójában nem is tudom, hogy mit gondoljak, Nem hiszem, hogy létezne valamilyen Isten, szellemi lény vagy életerő, 8 - Nem tudja, 9 - Nincs válasz","","v62"
"Q21","És mennyire fontos Isten az Ön életében? Kérem, határozza meg ennek a kártyalapnak a segítségével - a 10-es azt jelenti, hogy nagyon fontos, az 1-es pedig hogy egyáltalán nem fontos.","egyáltalán nem fontos, nagyon fontos","","v63"
"Q22","Milyen gyakran imádkozik istentiszteleten kívül? Nagyjából …","minden nap, hetente többször, hetente, legalább havonta, évente többször, ritkábban, soha, 8 - Nem tudja, 9 - Nincs válasz","","v64"
"Q23","Ezen a listán olyan dolgokat sorolunk fel, amelyekről egyesek azt tartják, hogy szükségesek a sikeres házassághoz vagy élettársi kapcsolathoz. Kérem, mondja meg mindegyikről, hogy az Ön szerint nagyon fontos, eléggé fontos, vagy nem nagyon fontos a sikeres házassághoz.","Nagyon fontos, elég fontos, nem fontos","A Hűség","","v65"
"Q23","Ezen a listán olyan dolgokat sorolunk fel, amelyekről egyesek azt tartják, hogy szükségesek a sikeres házassághoz vagy élettársi kapcsolathoz. Kérem, mondja meg mindegyikről, hogy az Ön szerint nagyon fontos, eléggé fontos, vagy nem nagyon fontos a sikeres házassághoz.","Nagyon fontos, elég fontos, nem fontos","B Megfelelő jövedelem","","v66"
"Q23","Ezen a listán olyan dolgokat sorolunk fel, amelyekről egyesek azt tartják, hogy szükségesek a sikeres házassághoz vagy élettársi kapcsolathoz. Kérem, mondja meg mindegyikről, hogy az Ön szerint nagyon fontos, eléggé fontos, vagy nem nagyon fontos a sikeres házassághoz.","Nagyon fontos, elég fontos, nem fontos","C Megfelelő lakhatási körülmények","","v67"
"Q23","Ezen a listán olyan dolgokat sorolunk fel, amelyekről egyesek azt tartják, hogy szükségesek a sikeres házassághoz vagy élettársi kapcsolathoz. Kérem, mondja meg mindegyikről, hogy az Ön szerint nagyon fontos, eléggé fontos, vagy nem nagyon fontos a sikeres házassághoz.","Nagyon fontos, elég fontos, nem fontos","D A háztartási teendők megosztása","","v68"
"Q23","Ezen a listán olyan dolgokat sorolunk fel, amelyekről egyesek azt tartják, hogy szükségesek a sikeres házassághoz vagy élettársi kapcsolathoz. Kérem, mondja meg mindegyikről, hogy az Ön szerint nagyon fontos, eléggé fontos, vagy nem nagyon fontos a sikeres házassághoz.","Nagyon fontos, elég fontos, nem fontos","E Gyerekek","","v69"
"Q23","Ezen a listán olyan dolgokat sorolunk fel, amelyekről egyesek azt tartják, hogy szükségesek a sikeres házassághoz vagy élettársi kapcsolathoz. Kérem, mondja meg mindegyikről, hogy az Ön szerint nagyon fontos, eléggé fontos, vagy nem nagyon fontos a sikeres házassághoz.","Nagyon fontos, elég fontos, nem fontos","F Mindenkinek legyen valamennyi ideje a saját barátaira és a személyes hobbijaira/tevékenységeire","","v70"
"Q24","Egyetért Ön, vagy nem ért egyet azzal az állítással, hogy: A házasság egy idejétmúlt intézmény?","1 - egyetért, 2 - nem ért egyet, 8 - Nem tudja, 9 - Nincs válasz","","v71"
"Q25","Kérem jelezze, hogy mennyire ért egyet vagy mennyire nem ért egyet a következő állításokkal. Teljesen egyetért, egyetért, nem ért egyet, vagy egyáltalán nem ért egyet?","Teljesen egyetért, Egyetért, Nem ért egyet, Egyáltalán nem ért egyet","Ha egy anya fizetett munkát vállal, azt megszenvedik a gyermekek","","v72"
"Q25","Kérem jelezze, hogy mennyire ért egyet vagy mennyire nem ért egyet a következő állításokkal. Teljesen egyetért, egyetért, nem ért egyet, vagy egyáltalán nem ért egyet?","Teljesen egyetért, Egyetért, Nem ért egyet, Egyáltalán nem ért egyet","Lehet munkát vállalni, de amit egy nő igazán akar, az az otthon és a gyermekek","","v73"
"Q25","Kérem jelezze, hogy mennyire ért egyet vagy mennyire nem ért egyet a következő állításokkal. Teljesen egyetért, egyetért, nem ért egyet, vagy egyáltalán nem ért egyet?","Teljesen egyetért, Egyetért, Nem ért egyet, Egyáltalán nem ért egyet","Mindent egybevetve, a család élete megsínyli, ha a nő teljes munkaidőben dolgozik.","","v74"
"Q25","Kérem jelezze, hogy mennyire ért egyet vagy mennyire nem ért egyet a következő állításokkal. Teljesen egyetért, egyetért, nem ért egyet, vagy egyáltalán nem ért egyet?","Teljesen egyetért, Egyetért, Nem ért egyet, Egyáltalán nem ért egyet","A férfi dolga pénz keresni, a nő dolga a háztartásról és a családról gondoskodni","","v75"
"Q25","Kérem jelezze, hogy mennyire ért egyet vagy mennyire nem ért egyet a következő állításokkal. Teljesen egyetért, egyetért, nem ért egyet, vagy egyáltalán nem ért egyet?","Teljesen egyetért, Egyetért, Nem ért egyet, Egyáltalán nem ért egyet","Mindent egybe vetve a férfiak jobb politikai vezetők, mint a nők","","v76"
"Q25","Kérem jelezze, hogy mennyire ért egyet vagy mennyire nem ért egyet a következő állításokkal. Teljesen egyetért, egyetért, nem ért egyet, vagy egyáltalán nem ért egyet?","Teljesen egyetért, Egyetért, Nem ért egyet, Egyáltalán nem ért egyet","Az egyetemi végzettség fontosabb a fiúknak, mint a lányoknak","","v77"
"Q25","Kérem jelezze, hogy mennyire ért egyet vagy mennyire nem ért egyet a következő állításokkal. Teljesen egyetért, egyetért, nem ért egyet, vagy egyáltalán nem ért egyet?","Teljesen egyetért, Egyetért, Nem ért egyet, Egyáltalán nem ért egyet","Mindent egybe vetve a férfiak jobb gazdasági vezetők, mint a nők","","v78"
"Q25","Kérem jelezze, hogy mennyire ért egyet vagy mennyire nem ért egyet a következő állításokkal. Teljesen egyetért, egyetért, nem ért egyet, vagy egyáltalán nem ért egyet?","Teljesen egyetért, Egyetért, Nem ért egyet, Egyáltalán nem ért egyet","Egyik legfontosabb célom az életben, hogy szüleim büszkék legyenek rám","","v79"
"Q26","Kérem jelezze, hogy mennyire ért egyet vagy mennyire nem ért egyet a következő állításokkal.","Nem ért egyet, de nincs ellenvéleménye sem, Nem ért egyet, Egyáltalán nem ért egyet","Ha kevés a munkahely, a munkáltatóknak előnyben kell részesíteni a magyarokat a bevándorlókkal szemben","","v80"
"Q26","Kérem jelezze, hogy mennyire ért egyet vagy mennyire nem ért egyet a következő állításokkal.","Nem ért egyet, de nincs ellenvéleménye sem, Nem ért egyet, Egyáltalán nem ért egyet","Ha kevés a munkahely, a férfiaknak több joguk van a munkához, mint a nőknek","","v81"
"Q27","Mit gondol, a következő kijelentésekről? Egyetért velük, vagy nem ért egyet velük?","Teljesen egyetért, Egyetért, Nem ért egyet, Egyáltalán nem ért egyet","A homoszexuális párok éppolyan jó szülők, mint más párok","","v82"
"Q27","Mit gondol, a következő kijelentésekről? Egyetért velük, vagy nem ért egyet velük?","Teljesen egyetért, Egyetért, Nem ért egyet, Egyáltalán nem ért egyet","A gyermekvállalás a társadalommal szembeni kötelesség","","v83"
"Q27","Mit gondol, a következő kijelentésekről? Egyetért velük, vagy nem ért egyet velük?","Teljesen egyetért, Egyetért, Nem ért egyet, Egyáltalán nem ért egyet","A felnőtt gyermekeknek kötelességük hosszútávon gondoskodni a szüleikről","","v84"
"Q28","Most felsorolok néhány tulajdonságot, amelyekre a szülők a gyermekeiket otthon nevelhetik. Ezek közül melyeket tartja különösen fontosnak?","említette, nem említette, NT, NV","A Jó modor","","v85"
"Q28","Most felsorolok néhány tulajdonságot, amelyekre a szülők a gyermekeiket otthon nevelhetik. Ezek közül melyeket tartja különösen fontosnak?","említette, nem említette, NT, NV","B Önállóság","","v86"
"Q28","Most felsorolok néhány tulajdonságot, amelyekre a szülők a gyermekeiket otthon nevelhetik. Ezek közül melyeket tartja különösen fontosnak?","említette, nem említette, NT, NV","C Szorgalom","","v87"
"Q28","Most felsorolok néhány tulajdonságot, amelyekre a szülők a gyermekeiket otthon nevelhetik. Ezek közül melyeket tartja különösen fontosnak?","említette, nem említette, NT, NV","D Felelősségérzet","","v88"
"Q28","Most felsorolok néhány tulajdonságot, amelyekre a szülők a gyermekeiket otthon nevelhetik. Ezek közül melyeket tartja különösen fontosnak?","említette, nem említette, NT, NV","E Képzelőerő, fantázia","","v89"
"Q28","Most felsorolok néhány tulajdonságot, amelyekre a szülők a gyermekeiket otthon nevelhetik. Ezek közül melyeket tartja különösen fontosnak?","említette, nem említette, NT, NV","F Mások tisztelete, tolerancia mások iránt","","v90"
"Q28","Most felsorolok néhány tulajdonságot, amelyekre a szülők a gyermekeiket otthon nevelhetik. Ezek közül melyeket tartja különösen fontosnak?","említette, nem említette, NT, NV","G Takarékosság","","v91"
"Q28","Most felsorolok néhány tulajdonságot, amelyekre a szülők a gyermekeiket otthon nevelhetik. Ezek közül melyeket tartja különösen fontosnak?","említette, nem említette, NT, NV","H Elszántság, állhatatosság.","","v92"
"Q28","Most felsorolok néhány tulajdonságot, amelyekre a szülők a gyermekeiket otthon nevelhetik. Ezek közül melyeket tartja különösen fontosnak?","említette, nem említette, NT, NV","I Vallásos hit","","v93"
"Q28","Most felsorolok néhány tulajdonságot, amelyekre a szülők a gyermekeiket otthon nevelhetik. Ezek közül melyeket tartja különösen fontosnak?","említette, nem említette, NT, NV","J Önzetlenség","","v94"
"Q28","Most felsorolok néhány tulajdonságot, amelyekre a szülők a gyermekeiket otthon nevelhetik. Ezek közül melyeket tartja különösen fontosnak?","említette, nem említette, NT, NV","K Engedelmesség","","v95"
"Q29","Mennyire érdekli Önt a politika?","1 - nagyon érdekli, 2 - némileg érdekli, 3 - nem nagyon érdekli, 4 - egyáltalán nem érdekli, 8 - Nem tudja, 9 - Nincs válasz","","v97"
"Q30","Most arra kérem, nézze meg ezt a kártyát. Felolvasok néhány politikai akciót, amiben az emberek részt vehetnek. Kérem, mondja meg mindegyikről , hogy vett-e már részt ilyenben, alkalomadtán részt venne-e benne, vagy soha, semmilyen körülmények közt nem venne részt ilyen akcióban?","már részt vett, alkalomadtán részt venne, soha nem venne részt","A Egy követelés, petíció aláírása","","v98"
"Q30","Most arra kérem, nézze meg ezt a kártyát. Felolvasok néhány politikai akciót, amiben az emberek részt vehetnek. Kérem, mondja meg mindegyikről , hogy vett-e már részt ilyenben, alkalomadtán részt venne-e benne, vagy soha, semmilyen körülmények közt nem venne részt ilyen akcióban?","már részt vett, alkalomadtán részt venne, soha nem venne részt","B Bojkotthoz csatlakozás","","v99"
"Q30","Most arra kérem, nézze meg ezt a kártyát. Felolvasok néhány politikai akciót, amiben az emberek részt vehetnek. Kérem, mondja meg mindegyikről , hogy vett-e már részt ilyenben, alkalomadtán részt venne-e benne, vagy soha, semmilyen körülmények közt nem venne részt ilyen akcióban?","már részt vett, alkalomadtán részt venne, soha nem venne részt","C Engedélyezett tüntetésen való részvétel","","v100"
"Q30","Most arra kérem, nézze meg ezt a kártyát. Felolvasok néhány politikai akciót, amiben az emberek részt vehetnek. Kérem, mondja meg mindegyikről , hogy vett-e már részt ilyenben, alkalomadtán részt venne-e benne, vagy soha, semmilyen körülmények közt nem venne részt ilyen akcióban?","már részt vett, alkalomadtán részt venne, soha nem venne részt","D Nem engedélyezett sztrájkhoz való csatlakozás","","v101"
"Q31","Politikai kérdésekben az emberek beszélnek "bal" illetve "jobb" oldalról. Ön általában véve hová helyezné el a saját nézeteit ezen a skálán?","bal, jobb","","v102"
"Q32a","Az egyéneknek nagyobb mértékben kellene felelősséget vállalniuk a saját magukról való gondoskodásban, vagy az államnak nagyobb mértékben kellene vállalnia az emberekről való gondoskodásban?","Az egyéneknek nagyobb mértékben kellene felelősséget vállalniuk a saját magukról való gondoskodásban, Az államnak nagyobb mértékben kellene vállalnia az emberekről való gondoskodásban","","v103"
"Q32b","A munkanélkülieknek minden lehetséges munkát el kellene vállalniuk, vagy visszautasítsák a munkát amelyet nem akarnak?","A munkanélkülieknek minden lehetséges munkát el kellene vállalniuk, vagy visszautasítsák a munkát amelyet nem akarnak","","v104"
"Q32c","A verseny jó dolog, vagy káros dolog?","A verseny jó dolog, A verseny káros dolog","","v105"
"Q32d","Az egyéni jövedelmeket nagyobb mértékben kellene jutalmazni, vagy az egyéni jövedelmeket egyenlőbbé kellene tenni?","Az egyéni jövedelmeket nagyobb mértékben kellene jutalmazni, Az egyéni jövedelmeket egyenlőbbé kellene tenni","","v106"
"Q32e","Az üzleti szférában és az iparban növelni kellene a magántulajdon arányát, vagy az állami tulajdon arányát?","Az üzleti szférában és az iparban növelni kellene a magántulajdon arányát, Az üzleti szférában és az iparban növelni kellene az állami tulajdon arányát","","v107"
"Q33","Az emberek néha beszélnek arról, hogy milyen célokat kellene követnie Magyarországnak a következő tíz évbe. Ezen a kártyán néhány olyan célt soroltunk fel, melyeket különböző emberek különösen fontosnak tarthatnak. Meg tudná, kérem, mondani, hogy ezek közül a célok közül Ön melyiket tartja a legfontosabbnak?","Gyors gazdasági növekedés, Biztosítani, hogy az országnak erős védereje legyen, Biztosítani, hogy az embereknek több beleszólásuk legyen abba, hogy a munkahelyükön és közösségükben mi történik, Megpróbálni a városokat és a vidéket szebbé tenni","","v108"
"Q33a","És mit tart a második legfontosabbnak?","Gyors gazdasági növekedés, Biztosítani, hogy az országnak erős védereje legyen, Biztosítani, hogy az embereknek több beleszólásuk legyen abba, hogy a munkahelyükön és közösségükben mi történik, Megpróbálni a városokat és a vidéket szebbé tenni","","v109"
"Q34","Ha választania kellene, mit tartana a legfontosabbnak az ezen a lapon felsoroltak közül?","Megőrizni a rendet az országban, Több beleszólást adni az embereknek a fontos kormányzati döntésekbe, Küzdeni az áremelkedések ellen, Védeni a szólásszabadságot","","v110"
"Q35","És mit tart a második legfontosabbnak?","Megőrizni a rendet az országban, Több beleszólást adni az embereknek a fontos kormányzati döntésekbe, Küzdeni az áremelkedések ellen, Védeni a szólásszabadságot","","v111"
"Q36","Természetesen mindannyian azt reméljük, hogy nem lesz még egy háború, de ha mégis arra kerülne a sor, Ön hajlandó lenne harcolni az országáért?","1 - igen, 2 - nem, 8 - Nem tudja, 9 - Nincs válasz","","v112"
"Q37","Itt van két olyan változás, amelyek talán a közeljövőben bekövetkezhetnek életvitelünkben. Kérem, mondja meg mindegyikről, hogy ha bekövetkezne, akkor az jó, vagy rossz, vagy mindegy lenne az Ön számára?","jó, rossz, mindegy","A munka életünkben betöltött fontosságának csökkenése","","v113"
"Q37","Itt van két olyan változás, amelyek talán a közeljövőben bekövetkezhetnek életvitelünkben. Kérem, mondja meg mindegyikről, hogy ha bekövetkezne, akkor az jó, vagy rossz, vagy mindegy lenne az Ön számára?","jó, rossz, mindegy","A tekintélytisztelet erősödése","","v114"
"Q38","Most arról szeretném kérdezni, hogy mennyire bízik meg különböző csoportokhoz tartozó emberekben. Kérem, mindegyikre mondja meg, hogy teljesen, valamennyire, nem nagyon, vagy egyáltalán nem bízik-e meg az ezekhez a csoportokhoz tartozó emberekben.","Teljesen megbízik, Valamennyire megbízik, Nem nagyon bízik meg, Egyáltalán nem bízik meg, NT, NV","Az egyház","","v115"
"Q38","Most arról szeretném kérdezni, hogy mennyire bízik meg különböző csoportokhoz tartozó emberekben. Kérem, mindegyikre mondja meg, hogy teljesen, valamennyire, nem nagyon, vagy egyáltalán nem bízik-e meg az ezekhez a csoportokhoz tartozó emberekben.","Teljesen megbízik, Valamennyire megbízik, Nem nagyon bízik meg, Egyáltalán nem bízik meg, NT, NV","A fegyveres erők","","v116"
"Q38","Most arról szeretném kérdezni, hogy mennyire bízik meg különböző csoportokhoz tartozó emberekben. Kérem, mindegyikre mondja meg, hogy teljesen, valamennyire, nem nagyon, vagy egyáltalán nem bízik-e meg az ezekhez a csoportokhoz tartozó emberekben.","Teljesen megbízik, Valamennyire megbízik, Nem nagyon bízik meg, Egyáltalán nem bízik meg, NT, NV","Az oktatási rendszer","","v117"
"Q38","Most arról szeretném kérdezni, hogy mennyire bízik meg különböző csoportokhoz tartozó emberekben. Kérem, mindegyikre mondja meg, hogy teljesen, valamennyire, nem nagyon, vagy egyáltalán nem bízik-e meg az ezekhez a csoportokhoz tartozó emberekben.","Teljesen megbízik, Valamennyire megbízik, Nem nagyon bízik meg, Egyáltalán nem bízik meg, NT, NV","A sajtó","","v118"
"Q38","Most arról szeretném kérdezni, hogy mennyire bízik meg különböző csoportokhoz tartozó emberekben. Kérem, mindegyikre mondja meg, hogy teljesen, valamennyire, nem nagyon, vagy egyáltalán nem bízik-e meg az ezekhez a csoportokhoz tartozó emberekben.","Teljesen megbízik, Valamennyire megbízik, Nem nagyon bízik meg, Egyáltalán nem bízik meg, NT, NV","A szakszervezetek","","v119"
"Q38","Most arról szeretném kérdezni, hogy mennyire bízik meg különböző csoportokhoz tartozó emberekben. Kérem, mindegyikre mondja meg, hogy teljesen, valamennyire, nem nagyon, vagy egyáltalán nem bízik-e meg az ezekhez a csoportokhoz tartozó emberekben.","Teljesen megbízik, Valamennyire megbízik, Nem nagyon bízik meg, Egyáltalán nem bízik meg, NT, NV","A rendőrség","","v120"
"Q38","Most arról szeretném kérdezni, hogy mennyire bízik meg különböző csoportokhoz tartozó emberekben. Kérem, mindegyikre mondja meg, hogy teljesen, valamennyire, nem nagyon, vagy egyáltalán nem bízik-e meg az ezekhez a csoportokhoz tartozó emberekben.","Teljesen megbízik, Valamennyire megbízik, Nem nagyon bízik meg, Egyáltalán nem bízik meg, NT, NV","Az országgyűlés","","v121"
"Q38","Most arról szeretném kérdezni, hogy mennyire bízik meg különböző csoportokhoz tartozó emberekben. Kérem, mindegyikre mondja meg, hogy teljesen, valamennyire, nem nagyon, vagy egyáltalán nem bízik-e meg az ezekhez a csoportokhoz tartozó emberekben.","Teljesen megbízik, Valamennyire megbízik, Nem nagyon bízik meg, Egyáltalán nem bízik meg, NT, NV","A közigazgatás","","v122"
"Q38","Most arról szeretném kérdezni, hogy mennyire bízik meg különböző csoportokhoz tartozó emberekben. Kérem, mindegyikre mondja meg, hogy teljesen, valamennyire, nem nagyon, vagy egyáltalán nem bízik-e meg az ezekhez a csoportokhoz tartozó emberekben.","Teljesen megbízik, Valamennyire megbízik, Nem nagyon bízik meg, Egyáltalán nem bízik meg, NT, NV","A társadalombiztosítási rendszer","","v123"
"Q38","Most arról szeretném kérdezni, hogy mennyire bízik meg különböző csoportokhoz tartozó emberekben. Kérem, mindegyikre mondja meg, hogy teljesen, valamennyire, nem nagyon, vagy egyáltalán nem bízik-e meg az ezekhez a csoportokhoz tartozó emberekben.","Teljesen megbízik, Valamennyire megbízik, Nem nagyon bízik meg, Egyáltalán nem bízik meg, NT, NV","Az Európai Unió","","v124"
"Q38","Most arról szeretném kérdezni, hogy mennyire bízik meg különböző csoportokhoz tartozó emberekben. Kérem, mindegyikre mondja meg, hogy teljesen, valamennyire, nem nagyon, vagy egyáltalán nem bízik-e meg az ezekhez a csoportokhoz tartozó emberekben.","Teljesen megbízik, Valamennyire megbízik, Nem nagyon bízik meg, Egyáltalán nem bízik meg, NT, NV","Az ENSZ","","v125"
"Q38","Most arról szeretném kérdezni, hogy mennyire bízik meg különböző csoportokhoz tartozó emberekben. Kérem, mindegyikre mondja meg, hogy teljesen, valamennyire, nem nagyon, vagy egyáltalán nem bízik-e meg az ezekhez a csoportokhoz tartozó emberekben.","Teljesen megbízik, Valamennyire megbízik, Nem nagyon bízik meg, Egyáltalán nem bízik meg, NT, NV","Az egészségügyi rendszer","","v126"
"Q38","Most arról szeretném kérdezni, hogy mennyire bízik meg különböző csoportokhoz tartozó emberekben. Kérem, mindegyikre mondja meg, hogy teljesen, valamennyire, nem nagyon, vagy egyáltalán nem bízik-e meg az ezekhez a csoportokhoz tartozó emberekben.","Teljesen megbízik, Valamennyire megbízik, Nem nagyon bízik meg, Egyáltalán nem bízik meg, NT, NV","Az igazságszolgáltatási rendszer","","v127"
"Q38","Most arról szeretném kérdezni, hogy mennyire bízik meg különböző csoportokhoz tartozó emberekben. Kérem, mindegyikre mondja meg, hogy teljesen, valamennyire, nem nagyon, vagy egyáltalán nem bízik-e meg az ezekhez a csoportokhoz tartozó emberekben.","Teljesen megbízik, Valamennyire megbízik, Nem nagyon bízik meg, Egyáltalán nem bízik meg, NT, NV","Nagyvállalatok","","v128"
"Q38","Most arról szeretném kérdezni, hogy mennyire bízik meg különböző csoportokhoz tartozó emberekben. Kérem, mindegyikre mondja meg, hogy teljesen, valamennyire, nem nagyon, vagy egyáltalán nem bízik-e meg az ezekhez a csoportokhoz tartozó emberekben.","Teljesen megbízik, Valamennyire megbízik, Nem nagyon bízik meg, Egyáltalán nem bízik meg, NT, NV","Környezetvédelmi szervezetek","","v129"
"Q38","Most arról szeretném kérdezni, hogy mennyire bízik meg különböző csoportokhoz tartozó emberekben. Kérem, mindegyikre mondja meg, hogy teljesen, valamennyire, nem nagyon, vagy egyáltalán nem bízik-e meg az ezekhez a csoportokhoz tartozó emberekben.","Teljesen megbízik, Valamennyire megbízik, Nem nagyon bízik meg, Egyáltalán nem bízik meg, NT, NV","Politikai pártok","","v130"
"Q38","Most arról szeretném kérdezni, hogy mennyire bízik meg különböző csoportokhoz tartozó emberekben. Kérem, mindegyikre mondja meg, hogy teljesen, valamennyire, nem nagyon, vagy egyáltalán nem bízik-e meg az ezekhez a csoportokhoz tartozó emberekben.","Teljesen megbízik, Valamennyire megbízik, Nem nagyon bízik meg, Egyáltalán nem bízik meg, NT, NV","A kormány","","v131"
"Q38","Most arról szeretném kérdezni, hogy mennyire bízik meg különböző csoportokhoz tartozó emberekben. Kérem, mindegyikre mondja meg, hogy teljesen, valamennyire, nem nagyon, vagy egyáltalán nem bízik-e meg az ezekhez a csoportokhoz tartozó emberekben.","Teljesen megbízik, Valamennyire megbízik, Nem nagyon bízik meg, Egyáltalán nem bízik meg, NT, NV","Közösségi média","","v132"
"Q39","Egyes emberek úgy érzik, hogy teljesen szabadon határozzák meg életüket, mások viszont úgy érzik, hogy semmi befolyásuk sincs sorsuk alakítására. Kérem a skála segítségével mondja meg, hogy Ön szerint mekkora befolyása van arra, hogy miként alakul az élete?","nagyon, semmi, nagy","","v38"
"Q40","Mennyire fontos Önnek, hogy egy demokratikusan irányított országban éljen? Hová helyezné el magát ezen a skálán, ahol az 1-es azt jelenti, hogy egyáltalán nem fontos a 10-es pedig azt jelenti, hogy alapvető fontosságú?","egyáltalán nem fontos, alapvető fontosságú","","v142"
"Q41","És mennyire demokratikus Magyarország kormányzása manapság? Ismét használja az 1-től 10-ig terjedő skálát, ahol az 1-es azt jelenti, hogy egyáltalán nem demokratikus, és a 10-es azt jelenti, hogy teljes mértékben demokratikus. Hová helyezné el magát?","egyáltalán nem demokratikus, teljes mértékben demokratikus","","v143"
"Q42","Mennyire elégedett Ön azzal, ahogy jelenleg a politikai rendszer működik Magyarországon? Ismét használja ezt a kártyát a válaszadásban!","elégedetlen, elégedett","","v144"
"Q43","Mit gondol, a következő kijelentésekről? Egyetért velük, vagy nem ért egyet velük?","Teljesen egyetért, Egyetért, Nem ért egyet, Egyáltalán nem ért egyet","Van egy erőskezű vezető, akinek nem kell törődnie az országgyűléssel és a választásokkal","","v145"
"Q43","Mit gondol, a következő kijelentésekről? Egyetért velük, vagy nem ért egyet velük?","Teljesen egyetért, Egyetért, Nem ért egyet, Egyáltalán nem ért egyet","Nem a kormány, hanem szakemberek hozzák meg azokat a döntéseket, amelyeket az ország számára a legjobbnak tartanak","","v146"
"Q43","Mit gondol, a következő kijelentésekről? Egyetért velük, vagy nem ért egyet velük?","Teljesen egyetért, Egyetért, Nem ért egyet, Egyáltalán nem ért egyet","A hadsereg uralkodik az országban","","v147"
"Q43","Mit gondol, a következő kijelentésekről? Egyetért velük, vagy nem ért egyet velük?","Teljesen egyetért, Egyetért, Nem ért egyet, Egyáltalán nem ért egyet","Demokratikus politikai rendszer","","v148"
"Q44","Mindent összevetve, hogyan tudná Ön a mostani egészségi állapotát jellemezni? Azt mondaná, hogy:","soha, mindig","Állami juttatásokat jogtalanul igénybe venni","","v149"
"Q44","Mindent összevetve, hogyan tudná Ön a mostani egészségi állapotát jellemezni? Azt mondaná, hogy:","soha, mindig","Csalni az adóval, ha az ember nem dolgozott meg érte","","v150"
"Q44","Mindent összevetve, hogyan tudná Ön a mostani egészségi állapotát jellemezni? Azt mondaná, hogy:","soha, mindig","Marihuanát vagy hasist szívni","","v151"
"Q44","Mindent összevetve, hogyan tudná Ön a mostani egészségi állapotát jellemezni? Azt mondaná, hogy:","soha, mindig","Csúszópénzt elfogadni a kötelesség teljesítése során","","v152"
"Q44","Mindent összevetve, hogyan tudná Ön a mostani egészségi állapotát jellemezni? Azt mondaná, hogy:","soha, mindig","Homoszexualitás","","v153"
"Q44","Mindent összevetve, hogyan tudná Ön a mostani egészségi állapotát jellemezni? Azt mondaná, hogy:","soha, mindig","Abortusz","","v154"
"Q44","Mindent összevetve, hogyan tudná Ön a mostani egészségi állapotát jellemezni? Azt mondaná, hogy:","soha, mindig","Elválni","","v155"
"Q44","Mindent összevetve, hogyan tudná Ön a mostani egészségi állapotát jellemezni? Azt mondaná, hogy:","soha, mindig","Eutanázia (gyógyíthatatlan beteg életét kioltani)","","v156"
"Q44","Mindent összevetve, hogyan tudná Ön a mostani egészségi állapotát jellemezni? Azt mondaná, hogy:","soha, mindig","Öngyilkosság","","v157"
"Q44","Mindent összevetve, hogyan tudná Ön a mostani egészségi állapotát jellemezni? Azt mondaná, hogy:","soha, mindig","Alkalmi szexuális kapcsolatot létesíteni","","v158"
"Q44","Mindent összevetve, hogyan tudná Ön a mostani egészségi állapotát jellemezni? Azt mondaná, hogy:","soha, mindig","Jegy és bérlet nélkül utazni egy tömegközlekedési eszközön","","v159"
"Q44","Mindent összevetve, hogyan tudná Ön a mostani egészségi állapotát jellemezni? Azt mondaná, hogy:","soha, mindig","Prostitúció","","v160"
"Q44","Mindent összevetve, hogyan tudná Ön a mostani egészségi állapotát jellemezni? Azt mondaná, hogy:","soha, mindig","Mesterséges inszemináció vagy lombikban történő megtermékenyítés","","v161"
"Q45","Függetlenül attól, hogy jár-e templomba vagy sem, mit mondana magáról, Ön …","vallásos ember, nem vallásos ember, meggyőződéses ateista","","v156"
"Q46","Ön Magyarország állampolgára?","1 - igen, 2 - nem, 8 - Nem tudja, 9 - Nincs válasz","","v169"
"Q47","Mennyire büszke Ön arra, hogy magyar állampolgár?","1 - nagyon büszke, 2 - meglehetősen büszke, 3 - nem nagyon büszke, 4 - egyáltalán nem büszke, 8 - Nem tudja, 9 - Nincs válasz","","v170"
"Q48","Választásokkor Ön mindig szavaz, általában szavaz vagy soha nem szavaz?","Mindig, Általában, Soha, NT, NV","Önkormányzati szinten","","v171"
"Q48","Választásokkor Ön mindig szavaz, általában szavaz vagy soha nem szavaz?","Mindig, Általában, Soha, NT, NV","Országosan (országgyűlési választások)","","v172"
"Q48","Választásokkor Ön mindig szavaz, általában szavaz vagy soha nem szavaz?","Mindig, Általában, Soha, NT, NV","Európai szinten (európai parlamenti választások)","","v173"
"Q49","Melyik (politikai) párt a legrokonszenvesebb Önnek?","Magyar Szocialista Párt (MSZP), Fidesz - Magyar Polgári Szövetség (Fidesz), Kereszténydemokrata Néppárt (KDNP), Jobbik Magyarországért Mozgalom (Jobbik), Lehet Más a Politika (LMP), Demokratikus Koalíció (DK), Együtt – a Korszakváltók Pártja (Együtt), Párbeszéd Magyarországért (PM), Momentum Mozgalom (Momentum), Magyar Liberális Párt (Liberálisok), Magyar Kétfarkú Kutya Párt (MKKP), Magyar Munkáspárt (Munkáspárt), Egyéb","","v174"
"Q49a","Van még másik párt is, amely rokonszenves Önnek?","Magyar Szocialista Párt (MSZP), Fidesz - Magyar Polgári Szövetség (Fidesz), Kereszténydemokrata Néppárt (KDNP), Jobbik Magyarországért Mozgalom (Jobbik), Lehet Más a Politika (LMP), Demokratikus Koalíció (DK), Együtt – a Korszakváltók Pártja (Együtt), Párbeszéd Magyarországért (PM), Momentum Mozgalom (Momentum), Magyar Liberális Párt (Liberálisok), Magyar Kétfarkú Kutya Párt (MKKP), Magyar Munkáspárt (Munkáspárt), Egyéb","","v175"
"Q50","Mit gondol, a következő kijelentésekről? Egyetért velük, vagy nem ért egyet velük?","Nagyon gyakran, Elég gyakran, Nem gyakran, Egyáltalán nem gyakran","A szavazatokat tisztességes módon számolják össze","","v176"
"Q50","Mit gondol, a következő kijelentésekről? Egyetért velük, vagy nem ért egyet velük?","Nagyon gyakran, Elég gyakran, Nem gyakran, Egyáltalán nem gyakran","Megakadályozzák, hogy ellenzéki jelöltek indulhassanak a választáson","","v177"
"Q50","Mit gondol, a következő kijelentésekről? Egyetért velük, vagy nem ért egyet velük?","Nagyon gyakran, Elég gyakran, Nem gyakran, Egyáltalán nem gyakran","A tévé hírműsora előnyben részesíti a kormányzó pártot","","v178"
"Q50","Mit gondol, a következő kijelentésekről? Egyetért velük, vagy nem ért egyet velük?","Nagyon gyakran, Elég gyakran, Nem gyakran, Egyáltalán nem gyakran","Szavazókat lefizetnek","","v179"
"Q50","Mit gondol, a következő kijelentésekről? Egyetért velük, vagy nem ért egyet velük?","Nagyon gyakran, Elég gyakran, Nem gyakran, Egyáltalán nem gyakran","Az újságírók pártatlanul tudósítanak a választásokról","","v180"
"Q50","Mit gondol, a következő kijelentésekről? Egyetért velük, vagy nem ért egyet velük?","Nagyon gyakran, Elég gyakran, Nem gyakran, Egyáltalán nem gyakran","A választásokat biztosító hivatalnokok és a választási bizottságok tisztességesek","","v181"
"Q50","Mit gondol, a következő kijelentésekről? Egyetért velük, vagy nem ért egyet velük?","Nagyon gyakran, Elég gyakran, Nem gyakran, Egyáltalán nem gyakran","A gazdag emberek megvásárolják a választást","","v182"
"Q50","Mit gondol, a következő kijelentésekről? Egyetért velük, vagy nem ért egyet velük?","Nagyon gyakran, Elég gyakran, Nem gyakran, Egyáltalán nem gyakran","A szavazókat erőszakkal megfélemlítik a szavazásnál","","v183"
"Q51","Mennyire érdekli Önt a bevándorlókról?","1 - nagyon rossz, 2 - elég rossz, 3 - sem jó, sem rossz, 4 - elég jó, 5 - nagyon jó, 8 - Nem tudja, 9 - Nincs válasz","","v184"
"Q52a","A bevándorlók munkahelyeket vesznek el a magyaroktól?","A bevándorlók munkahelyeket vesznek el a magyaroktól, A bevándorlók nem vesznek el munkahelyeket a magyaroktól","","v185"
"Q52b","A bevándorlók rontják a bűnözési helyzetet?","A bevándorlók rontják a bűnözési helyzetet, A bevándorlók nem rontják a bűnözési helyzetet","","v186"
"Q52c","A bevándorlók megterhelik egy ország jóléti rendszerét?","A bevándorlók megterhelik egy ország jóléti rendszerét, A bevándorlók nem terhelik egy ország jóléti rendszerét","","v187"
"Q52d","Jobb, ha a bevándorlók megőrzik sajátos szokásaikat és hagyományaikat, vagy nem őrzik meg sajátos szokásaikat és hagyományaikat?","Jobb, ha a bevándorlók megőrzik sajátos szokásaikat és hagyományaikat, Jobb, ha a bevándorlók nem őrzik meg sajátos szokásaikat és hagyományaikat","","v188"
"Q53","Most felsorolok néhány tulajdonságot, amelyekre a szülők a gyermekeiket otthon nevelhetik. Ezek közül melyeket tartja különösen fontosnak?","nagyon fontos, elég fontos, nem fontos, egyáltalán nem fontos","A Jó modor","","v189"
"Q53","Most felsorolok néhány tulajdonságot, amelyekre a szülők a gyermekeiket otthon nevelhetik. Ezek közül melyeket tartja különösen fontosnak?","nagyon fontos, elég fontos, nem fontos, egyáltalán nem fontos","B Önállóság","","v190"
"Q53","Most felsorolok néhány tulajdonságot, amelyekre a szülők a gyermekeiket otthon nevelhetik. Ezek közül melyeket tartja különösen fontosnak?","nagyon fontos, elég fontos, nem fontos, egyáltalán nem fontos","C Szorgalom","","v191"
"Q53","Most felsorolok néhány tulajdonságot, amelyekre a szülők a gyermekeiket otthon nevelhetik. Ezek közül melyeket tartja különösen fontosnak?","nagyon fontos, elég fontos, nem fontos, egyáltalán nem fontos","D Felelősségérzet","","v192"
"Q53","Most felsorolok néhány tulajdonságot, amelyekre a szülők a gyermekeiket otthon nevelhetik. Ezek közül melyeket tartja különösen fontosnak?","nagyon fontos, elég fontos, nem fontos, egyáltalán nem fontos","E Képzelőerő, fantázia","","v193"
"Q53","Most felsorolok néhány tulajdonságot, amelyekre a szülők a gyermekeiket otthon nevelhetik. Ezek közül melyeket tartja különösen fontosnak?","nagyon fontos, elég fontos, nem fontos, egyáltalán nem fontos","F Mások tisztelete, tolerancia mások iránt","","v194"
"Q53","Most felsorolok néhány tulajdonságot, amelyekre a szülők a gyermekeiket otthon nevelhetik. Ezek közül melyeket tartja különösen fontosnak?","nagyon fontos, elég fontos, nem fontos, egyáltalán nem fontos","G Takarékosság","","v195"
"Q53","Most felsorolok néhány tulajdonságot, amelyekre a szülők a gyermekeiket otthon nevelhetik. Ezek közül melyeket tartja különösen fontosnak?","nagyon fontos, elég fontos, nem fontos, egyáltalán nem fontos","H Elszántság, állhatatosság.","","v196"
"Q53","Most felsorolok néhány tulajdonságot, amelyekre a szülők a gyermekeiket otthon nevelhetik. Ezek közül melyeket tartja különösen fontosnak?","nagyon fontos, elég fontos, nem fontos, egyáltalán nem fontos","I Vallásos hit","","v197"
"Q53","Most felsorolok néhány tulajdonságot, amelyekre a szülők a gyermekeiket otthon nevelhetik. Ezek közül melyeket tartja különösen fontosnak?","nagyon fontos, elég fontos, nem fontos, egyáltalán nem fontos","J Önzetlenség","","v198"
"Q53","Most felsorolok néhány tulajdonságot, amelyekre a szülők a gyermekeiket otthon nevelhetik. Ezek közül melyeket tartja különösen fontosnak?","nagyon fontos, elég fontos, nem fontos, egyáltalán nem fontos","K Engedelmesség","","v199"
"Q54","Kérem jelezze, hogy mennyire ért egyet vagy mennyire nem ért egyet a következő állításokkal.","nagyon fontos, elég fontos, nem fontos, egyáltalán nem fontos","Európában szülessen","","v200"
"Q54","Kérem jelezze, hogy mennyire ért egyet vagy mennyire nem ért egyet a következő állításokkal.","nagyon fontos, elég fontos, nem fontos, egyáltalán nem fontos","Legyenek európai felmenői","","v201"
"Q54","Kérem jelezze, hogy mennyire ért egyet vagy mennyire nem ért egyet a következő állításokkal.","nagyon fontos, elég fontos, nem fontos, egyáltalán nem fontos","Keresztény legyen","","v202"
"Q54","Kérem jelezze, hogy mennyire ért egyet vagy mennyire nem ért egyet a következő állításokkal.","nagyon fontos, elég fontos, nem fontos, egyáltalán nem fontos","Elsajátítsa az európai kultúrát","","v203"
"Q55","Néhányan azt mondják, hogy az Európai Unió kibővítésének tovább kell folytatódnia. Mások szerint az Unió kibővítése már így is túl messzire ment. A kártya segítségével mondja meg, hogy melyik szám fejezi ki a legjobban az Ön véleményét.","tovább kellene folytatódnia, már így is túl messze ment","","v204"
"Q56","Most felsorolok néhány kijelentést a környezettel kapcsolatosan. Kérem, mondja meg egyenként mindegyikről, hogy teljesen egyetért-e, egyetért, nem ért egyet vagy egyáltalán nem ért egyet vele!","Teljesen egyetért, Egyetért, Nem ért egyet, Egyáltalán nem ért egyet","Odaadnám a jövedelmem egy részét, ha biztos lenne benne, hogy a pénzt a környezetszennyezés megelőzésére fordítják","","v205"
"Q56","Most felsorolok néhány kijelentést a környezettel kapcsolatosan. Kérem, mondja meg egyenként mindegyikről, hogy teljesen egyetért-e, egyetért, nem ért egyet vagy egyáltalán nem ért egyet vele!","Teljesen egyetért, Egyetért, Nem ért egyet, Egyáltalán nem ért egyet","Az emberi találékonyság biztosítani fogja, hogy a Föld élhető maradjon","","v206"
"Q56","Most felsorolok néhány kijelentést a környezettel kapcsolatosan. Kérem, mondja meg egyenként mindegyikről, hogy teljesen egyetért-e, egyetért, nem ért egyet vagy egyáltalán nem ért egyet vele!","Teljesen egyetért, Egyetért, Nem ért egyet, Egyáltalán nem ért egyet","Számos, a környezetet fenyegető veszélyről szóló állítás túlzás","","v207"
"Q57","Most felsorolok néhány kijelentést a környezettel kapcsolatosan. Kérem, mondja meg egyenként mindegyikről, hogy teljesen egyetért-e, egyetért, nem ért egyet vagy egyáltalán nem ért egyet vele!","A környezetvédelmet akkor is előnyben kell részesíteni, ha ez lelassítja a gazdasági növekedést és néhány munkahely megszűnését okozza, A gazdasági növekedésnek és a munkahelyteremtésnek kell a legfontosabbnak lennie, még akkor is, ha ez egy bizonyos mértékben negatív hatással van a környezetre","","v208"
"Q58","Itt van két olyan változás, amelyek talán a közeljövőben bekövetkezhetnek életvitelünkben. Kérem, mondja meg mindegyikről, hogy ha bekövetkezne, akkor az jó, vagy rossz, vagy mindegy lenne az Ön számára?","jó, rossz, mindegy","A munka életünkben betöltött fontosságának csökkenése","","v209"
"Q58","Itt van két olyan változás, amelyek talán a közeljövőben bekövetkezhetnek életvitelünkben. Kérem, mondja meg mindegyikről, hogy ha bekövetkezne, akkor az jó, vagy rossz, vagy mindegy lenne az Ön számára?","jó, rossz, mindegy","A tekintélytisztelet erősödése","","v210"
"Q59","Mennyire bízik meg a következő csoportokhoz tartozó emberekben?","nagyon, meglehetősen, nem nagyon, egyáltalán nem","Az egyház","","v211"
"Q59","Mennyire bízik meg a következő csoportokhoz tartozó emberekben?","nagyon, meglehetősen, nem nagyon, egyáltalán nem","A fegyveres erők","","v212"
"Q59","Mennyire bízik meg a következő csoportokhoz tartozó emberekben?","nagyon, meglehetősen, nem nagyon, egyáltalán nem","Az oktatási rendszer","","v213"
"Q59","Mennyire bízik meg a következő csoportokhoz tartozó emberekben?","nagyon, meglehetősen, nem nagyon, egyáltalán nem","A sajtó","","v214"
"Q59","Mennyire bízik meg a következő csoportokhoz tartozó emberekben?","nagyon, meglehetősen, nem nagyon, egyáltalán nem","A szakszervezetek","","v215"
"Q59","Mennyire bízik meg a következő csoportokhoz tartozó emberekben?","nagyon, meglehetősen, nem nagyon, egyáltalán nem","A rendőrség","","v216"
"Q59","Mennyire bízik meg a következő csoportokhoz tartozó emberekben?","nagyon, meglehetősen, nem nagyon, egyáltalán nem","Az országgyűlés","","v217"
"Q59","Mennyire bízik meg a következő csoportokhoz tartozó emberekben?","nagyon, meglehetősen, nem nagyon, egyáltalán nem","A közigazgatás","","v218"
"Q59","Mennyire bízik meg a következő csoportokhoz tartozó emberekben?","nagyon, meglehetősen, nem nagyon, egyáltalán nem","A társadalombiztosítási rendszer","","v219"
"Q59","Mennyire bízik meg a következő csoportokhoz tartozó emberekben?","nagyon, meglehetősen, nem nagyon, egyáltalán nem","Az Európai Unió","","v220"
"Q59","Mennyire bízik meg a következő csoportokhoz tartozó emberekben?","nagyon, meglehetősen, nem nagyon, egyáltalán nem","Az ENSZ","","v221"
"Q59","Mennyire bízik meg a következő csoportokhoz tartozó emberekben?","nagyon, meglehetősen, nem nagyon, egyáltalán nem","Az egészségügyi rendszer","","v222"
"Q59","Mennyire bízik meg a következő csoportokhoz tartozó emberekben?","nagyon, meglehetősen, nem nagyon, egyáltalán nem","Az igazságszolgáltatási rendszer","","v223"
"Q59","Mennyire bízik meg a következő csoportokhoz tartozó emberekben?","nagyon, meglehetősen, nem nagyon, egyáltalán nem","Nagyvállalatok","","v224"
"Q59","Mennyire bízik meg a következő csoportokhoz tartozó emberekben?","nagyon, meglehetősen, nem nagyon, egyáltalán nem","Környezetvédelmi szervezetek","","v225"
"Q59","Mennyire bízik meg a következő csoportokhoz tartozó emberekben?","nagyon, meglehetősen, nem nagyon, egyáltalán nem","Politikai pártok","","v226"
"Q59","Mennyire bízik meg a következő csoportokhoz tartozó emberekben?","nagyon, meglehetősen, nem nagyon, egyáltalán nem","A kormány","","v227"
"Q59","Mennyire bízik meg a következő csoportokhoz tartozó emberekben?","nagyon, meglehetősen, nem nagyon, egyáltalán nem","Közösségi média","","v228"
"Q60","Mennyire foglalkoztatják Önt a következő emberek és csoportok életkörülményei?","igen nagyon, nagyon, bizonyos fokig, nem olyan nagyon, egyáltalán nem","A szomszédságában élő emberek","","v229"
"Q60","Mennyire foglalkoztatják Önt a következő emberek és csoportok életkörülményei?","igen nagyon, nagyon, bizonyos fokig, nem olyan nagyon, egyáltalán nem","Az Ön régiójában élők","","v230"
"Q60","Mennyire foglalkoztatják Önt a következő emberek és csoportok életkörülményei?","igen nagyon, nagyon, bizonyos fokig, nem olyan nagyon, egyáltalán nem","Az Önnel egy országban élők","","v231"
"Q60","Mennyire foglalkoztatják Önt a következő emberek és csoportok életkörülményei?","igen nagyon, nagyon, bizonyos fokig, nem olyan nagyon, egyáltalán nem","Az európaiak","","v232"
"Q60","Mennyire foglalkoztatják Önt a következő emberek és csoportok életkörülményei?","igen nagyon, nagyon, bizonyos fokig, nem olyan nagyon, egyáltalán nem","A világon élő minden ember","","v233"
"Q61","Mennyire foglalkoztatják Önt a következő emberek és csoportok életkörülményei?","igen nagyon, nagyon, bizonyos fokig, nem olyan nagyon, egyáltalán nem","idős emberek","","v234"
"Q61","Mennyire foglalkoztatják Önt a következő emberek és csoportok életkörülményei?","igen nagyon, nagyon, bizonyos fokig, nem olyan nagyon, egyáltalán nem","munkanélküliek","","v235"
"Q61","Mennyire foglalkoztatják Önt a következő emberek és csoportok életkörülményei?","igen nagyon, nagyon, bizonyos fokig, nem olyan nagyon, egyáltalán nem","bevándorlók","","v236"
"Q61","Mennyire foglalkoztatják Önt a következő emberek és csoportok életkörülményei?","igen nagyon, nagyon, bizonyos fokig, nem olyan nagyon, egyáltalán nem","betegek és fogyatékosok","","v237"
"Q62","Számos dolog kívánatos, azonban közül nem mindegyik nélkülözhetetlen a demokrácia működése szempontjából. Kérem a következő dolgokról mondja meg, hogy mennyire tartja azokat a demokrácia nélkülözhetetlen jellemzőjének. Kérem, használja ezt a skálát, ahol az 1-es azt jelenti, hogy az adott tényező egyáltalán nem fontos jellemzője a demokráciának, és 10-es pedig azt jelenti, hogy nélkülözhetetlen jellemzője a demokráciának.","Egyáltalán nem fontos, Nagyon fontos","A kormányzat megadóztatja a gazdagokat, és támogatja a szegényeket","","v238"
"Q62","Számos dolog kívánatos, azonban közül nem mindegyik nélkülözhetetlen a demokrácia működése szempontjából. Kérem a következő dolgokról mondja meg, hogy mennyire tartja azokat a demokrácia nélkülözhetetlen jellemzőjének. Kérem, használja ezt a skálát, ahol az 1-es azt jelenti, hogy az adott tényező egyáltalán nem fontos jellemzője a demokráciának, és 10-es pedig azt jelenti, hogy nélkülözhetetlen jellemzője a demokráciának.","Egyáltalán nem fontos, Nagyon fontos","A vallási képviselőknek döntő szavuk van a törvények értelmezésénél","","v239"
"Q62","Számos dolog kívánatos, azonban közül nem mindegyik nélkülözhetetlen a demokrácia működése szempontjából. Kérem a következő dolgokról mondja meg, hogy mennyire tartja azokat a demokrácia nélkülözhetetlen jellemzőjének. Kérem, használja ezt a skálát, ahol az 1-es azt jelenti, hogy az adott tényező egyáltalán nem fontos jellemzője a demokráciának, és 10-es pedig azt jelenti, hogy nélkülözhetetlen jellemzője a demokráciának.","Egyáltalán nem fontos, Nagyon fontos","Az emberek szabad választásokon választják meg vezetőiket","","v240"
"Q62","Számos dolog kívánatos, azonban közül nem mindegyik nélkülözhetetlen a demokrácia működése szempontjából. Kérem a következő dolgokról mondja meg, hogy mennyire tartja azokat a demokrácia nélkülözhetetlen jellemzőjének. Kérem, használja ezt a skálát, ahol az 1-es azt jelenti, hogy az adott tényező egyáltalán nem fontos jellemzője a demokráciának, és 10-es pedig azt jelenti, hogy nélkülözhetetlen jellemzője a demokráciának.","Egyáltalán nem fontos, Nagyon fontos","A munkanélküliek állami segélyben részesülnek","","v241"
"Q62","Számos dolog kívánatos, azonban közül nem mindegyik nélkülözhetetlen a demokrácia működése szempontjából. Kérem a következő dolgokról mondja meg, hogy mennyire tartja azokat a demokrácia nélkülözhetetlen jellemzőjének. Kérem, használja ezt a skálát, ahol az 1-es azt jelenti, hogy az adott tényező egyáltalán nem fontos jellemzője a demokráciának, és 10-es pedig azt jelenti, hogy nélkülözhetetlen jellemzője a demokráciának.","Egyáltalán nem fontos, Nagyon fontos","Ha a kormány alkalmatlan ellátni a feladatát, a hadsereg veszi át a hatalmat","","v242"
"Q62","Számos dolog kívánatos, azonban közül nem mindegyik nélkülözhetetlen a demokrácia működése szempontjából. Kérem a következő dolgokról mondja meg, hogy mennyire tartja azokat a demokrácia nélkülözhetetlen jellemzőjének. Kérem, használja ezt a skálát, ahol az 1-es azt jelenti, hogy az adott tényező egyáltalán nem fontos jellemzője a demokráciának, és 10-es pedig azt jelenti, hogy nélkülözhetetlen jellemzője a demokráciának.","Egyáltalán nem fontos, Nagyon fontos","A polgári jogok védelmezik az embereket az állam elnyomó hatalmával szemben","","v243"
"Q62","Számos dolog kívánatos, azonban közül nem mindegyik nélkülözhetetlen a demokrácia működése szempontjából. Kérem a következő dolgokról mondja meg, hogy mennyire tartja azokat a demokrácia nélkülözhetetlen jellemzőjének. Kérem, használja ezt a skálát, ahol az 1-es azt jelenti, hogy az adott tényező egyáltalán nem fontos jellemzője a demokráciának, és 10-es pedig azt jelenti, hogy nélkülözhetetlen jellemzője a demokráciának.","Egyáltalán nem fontos, Nagyon fontos","Az állam az emberek jövedelmét egyenlővé teszi","","v244"
"Q62","Számos dolog kívánatos, azonban közül nem mindegyik nélkülözhetetlen a demokrácia működése szempontjából. Kérem a következő dolgokról mondja meg, hogy mennyire tartja azokat a demokrácia nélkülözhetetlen jellemzőjének. Kérem, használja ezt a skálát, ahol az 1-es azt jelenti, hogy az adott tényező egyáltalán nem fontos jellemzője a demokráciának, és 10-es pedig azt jelenti, hogy nélkülözhetetlen jellemzője a demokráciának.","Egyáltalán nem fontos, Nagyon fontos","Az emberek engedelmeskednek vezetőiknek","","v245"
"Q62","Számos dolog kívánatos, azonban közül nem mindegyik nélkülözhetetlen a demokrácia működése szempontjából. Kérem a következő dolgokról mondja meg, hogy mennyire tartja azokat a demokrácia nélkülözhetetlen jellemzőjének. Kérem, használja ezt a skálát, ahol az 1-es azt jelenti, hogy az adott tényező egyáltalán nem fontos jellemzője a demokráciának, és 10-es pedig azt jelenti, hogy nélkülözhetetlen jellemzője a demokráciának.","Egyáltalán nem fontos, Nagyon fontos","A nőknek ugyanolyan jogaik vannak, mint a férfiaknak","","v246"
"Q63","Neme","1 - férfi, 2 - nő, 8 - Nem tudja, 9 - Nincs válasz","","v225"
"Q64","Melyik évben született Ön?","........, 8888 - Nem tudja, 9999 - Nincs válasz","","v226"
"Q65","Magyarországon született?","1 - igen, 2 - nem, 8 - Nem tudja, 9 - Nincs válasz","","v227"
"Q66","Melyik országban született Ön?","Írja be: ..................................................................","","v228a"
"Q67","Meg tudná mondani, melyik évben jött először Magyarországra, hogy itt éljen?","Írja be az évet: ..................................................................","","v229"
"Q68","Az édesapja Magyarországon született?","1 - igen, 2 - nem, 8 - Nem tudja, 9 - Nincs válasz","","v230"
"Q69","Melyik országban született az édesapja?","Írja be:...........................................................................","","v231a"
"Q70","Az édesanyja Magyarországon született?","1 - igen, 2 - nem, 8 - Nem tudja, 9 - Nincs válasz","","v232"
"Q71","Melyik országban született az édesanyja?","Írja be: ...........................................................................","","v233a"
"Q72","Mi az Ön jelenlegi hivatalos családi állapota?","1 - házas, 2 - regisztrált partnerkapcsolat, 3 - özvegy, 4 - elvált, 5 - különélő, 6 - hajadon, nőtlen, 8 - Nem tudja, 9 - Nincs válasz","","v234"
"Q73","Együtt élt Ön a partnerével, mielőtt összeházasodtak vagy regisztráltatták a kapcsolatukat?","1 - igen, 2 - nem, 8 - Nem tudja, 9 - Nincs válasz","","v235"
"Q74","Van-e társa, akivel együtt él?","1 - igen, 2 - nem, 8 - Nem tudja, 9 - Nincs válasz","","v236"
"Q75","Van-e állandó párkapcsolata?","1 - igen, 2 - nem, 8 - Nem tudja, 9 - Nincs válasz","","v237"
"Q76","Ön együtt él a szüleivel vagy a párja szüleivel?","Nem, Igen, a saját szüleimmel, Igen, a párom szüleivel, Igen, a saját és a párom szüleivel is, 8 - Nem tudja, 9 - Nincs válasz","","v238"
"Q77","Hány gyermeke van Önnek? Kérem, mondja meg, hányan élnek közülük Önnel egy háztartásban, és hányan élnek máshol:","A háztartásban élő gyermekek száma: ..................................................................","","v239a"
"Q77","Hány gyermeke van Önnek? Kérem, mondja meg, hányan élnek közülük Önnel egy háztartásban, és hányan élnek máshol:","A háztartáson kívül élő gyermekek száma: ..................................................................","","v239b"
"Q78","Önmagát és a gyerekeket is beleszámolva hány ember él itt, mint a háztartás tagja","Írja be: ..............................","","v240"
"Q79","És hány éves a háztartása legfiatalabb tagja?","Írja be: ..................................................................","","v241"
"Q80","Mi az Ön jelenlegi nappali iskolai tanulmányainak befejezésének éve?","Írja be az életkort: ..................................................................","","v242"